supplierId,modelId,serialNumber,price,note,conditionId,stockStatus,whlocationId,location,smartnet,addedBy,quantity
7,783,FGL1715S94Y,NULL,"8.3.3.0.0; 27/03/2020
wh by H",3000,1,1,8.3.3.0.0,NC,Add by stock-check,1
7,783,FGL1717X3DP,NULL,"8.3.3.0.0; 27/03/2020
wh by H",3000,1,1,8.3.3.0.0,NC,Add by stock-check,1
7,783,FGL1717X42V,NULL,"8.3.3.0.0; 27/03/2020
wh by H",3000,1,1,8.3.3.0.0,NC,Add by stock-check,1
7,783,FGL1717X43Y,NULL,"8.3.3.0.0; 27/03/2020
wh by H",3000,1,1,8.3.3.0.0,NC,Add by stock-check,1
7,783,FGL1715S95J,NULL,"8.3.3.0.0; 27/03/2020
wh by H",3000,1,1,8.3.3.0.0,NC,Add by stock-check,1
7,783,FGL1711S8Z4,NULL,"8.3.3.0.0; 27/03/2020
wh by H",3000,1,1,8.3.3.0.0,NC,Add by stock-check,1
7,783,FGL1715S951,NULL,"8.3.3.0.0; 27/03/2020
wh by H",3000,1,1,8.3.3.0.0,NC,Add by stock-check,1
7,783,FGL1717X3EK,NULL,"8.3.3.0.0; 27/03/2020
wh by H",3000,1,1,8.3.3.0.0,NC,Add by stock-check,1
7,783,FGL1717X3ZL,NULL,"8.3.3.0.0; 27/03/2020
wh by H",3000,1,1,8.3.3.0.0,NC,Add by stock-check,1
7,783,FGL1711S8Z9,NULL,"8.3.3.0.0; 27/03/2020
wh by H",3000,1,1,8.3.3.0.0,NC,Add by stock-check,1
7,783,FGL1717X43P,NULL,"8.3.3.0.0; 27/03/2020
wh by H",3000,1,1,8.3.3.0.0,NC,Add by stock-check,1
7,783,FGL1717X3ZB,NULL,"8.3.3.0.0; 27/03/2020
wh by H",3000,1,1,8.3.3.0.0,NC,Add by stock-check,1
7,783,FGL1717X42B,NULL,"8.3.3.0.0; 27/03/2020
wh by H",3000,1,1,8.3.3.0.0,NC,Add by stock-check,1
7,783,FGL1717X3CM,NULL,"8.3.3.0.0; 27/03/2020
wh by H",3000,1,1,8.3.3.0.0,NC,Add by stock-check,1
7,783,FGL1717X3E3,NULL,"8.3.3.0.0; 27/03/2020
wh by H",3000,1,1,8.3.3.0.0,NC,Add by stock-check,1
7,783,FGL1717X409,NULL,"8.3.3.0.0; 27/03/2020
wh by H",3000,1,1,8.3.3.0.0,NC,Add by stock-check,1
7,783,FGL1717X42T,NULL,"8.3.3.0.0; 27/03/2020
wh by H",3000,1,1,8.3.3.0.0,NC,Add by stock-check,1
7,783,FGL1717X42L,NULL,"8.3.3.0.0; 27/03/2020
wh by H",3000,1,1,8.3.3.0.0,NC,Add by stock-check,1
7,783,FGL1717X3Z8,NULL,"8.3.3.0.0; 27/03/2020
wh by H",3000,1,1,8.3.3.0.0,NC,Add by stock-check,1
7,783,FGL1717X41G,NULL,"8.3.3.0.0; 27/03/2020
wh by H",3000,1,1,8.3.3.0.0,NC,Add by stock-check,1
7,783,FGL1715S94Q,NULL,"8.3.3.0.0; 27/03/2020
wh by H",3000,1,1,8.3.3.0.0,NC,Add by stock-check,1
7,783,FGL1715S94R,NULL,"8.3.3.0.0; 27/03/2020
wh by H",3000,1,1,8.3.3.0.0,NC,Add by stock-check,1
7,783,FGL1717X3B2,NULL,"8.3.3.0.0; 27/03/2020
wh by H",3000,1,1,8.3.3.0.0,NC,Add by stock-check,1
7,783,FGL1717X3Z7,NULL,"8.3.3.0.0; 27/03/2020
wh by H",3000,1,1,8.3.3.0.0,NC,Add by stock-check,1
7,783,FGL1717X3EE,NULL,"8.3.3.0.0; 27/03/2020
wh by H",3000,1,1,8.3.3.0.0,NC,Add by stock-check,1
7,783,FGL1717X43F,NULL,"8.3.3.0.0; 27/03/2020
wh by H",3000,1,1,8.3.3.0.0,NC,Add by stock-check,1
7,783,FGL1717X41F,NULL,"8.3.3.0.0; 27/03/2020
wh by H",3000,1,1,8.3.3.0.0,NC,Add by stock-check,1
7,783,FGL1717X3F8,NULL,"8.3.3.0.0; 27/03/2020
wh by H",3000,1,1,8.3.3.0.0,NC,Add by stock-check,1
7,783,FGL1717X3AJ,NULL,"8.3.3.0.0; 27/03/2020
wh by H",3000,1,1,8.3.3.0.0,NC,Add by stock-check,1
7,783,FGL1729X0F7,NULL,"8.3.3.0.0; 27/03/2020
wh by H",3000,1,1,8.3.3.0.0,NC,Add by stock-check,1
7,783,FGL1717X436,NULL,"8.3.3.0.0; 27/03/2020
wh by H",3000,1,1,8.3.3.0.0,NC,Add by stock-check,1
7,783,FGL1804W09H,NULL,"8.3.3.0.0; 27/03/2020
wh by H",3000,1,1,8.3.3.0.0,NC,Add by stock-check,1
7,783,FGL1717X439,NULL,"8.3.3.0.0; 27/03/2020
wh by H",3000,1,1,8.3.3.0.0,NC,Add by stock-check,1
7,783,FGL1711S8YZ,NULL,"8.3.3.0.0; 27/03/2020
wh by H",3000,1,1,8.3.3.0.0,NC,Add by stock-check,1
7,783,FGL1715S94V,NULL,"8.3.3.0.0; 27/03/2020
wh by H",3000,1,1,8.3.3.0.0,NC,Add by stock-check,1
7,783,FGL1717X3EH,NULL,"8.3.3.0.0; 27/03/2020
wh by H",3000,1,1,8.3.3.0.0,NC,Add by stock-check,1
7,783,FGL1717X40A,NULL,"8.3.3.0.0; 27/03/2020
wh by H",3000,1,1,8.3.3.0.0,NC,Add by stock-check,1
7,783,FGL1715S94Z,NULL,"8.3.3.0.0; 27/03/2020
wh by H",3000,1,1,8.3.3.0.0,NC,Add by stock-check,1
7,783,FGL1717X3AU,NULL,"8.3.3.0.0; 27/03/2020
wh by H",3000,1,1,8.3.3.0.0,NC,Add by stock-check,1
7,783,FGL1717X42Z,NULL,"8.3.3.0.0; 27/03/2020
wh by H",3000,1,1,8.3.3.0.0,NC,Add by stock-check,1
7,783,FGL1717X43A,NULL,"8.3.3.0.0; 27/03/2020
wh by H",3000,1,1,8.3.3.0.0,NC,Add by stock-check,1
7,783,FGL1717X42Q,NULL,"8.3.3.0.0; 27/03/2020
wh by H",3000,1,1,8.3.3.0.0,NC,Add by stock-check,1
7,783,FGL1715S94M,NULL,"8.3.3.0.0; 27/03/2020
wh by H",3000,1,1,8.3.3.0.0,NC,Add by stock-check,1
7,783,FGL1717X40D,NULL,"8.3.3.0.0; 27/03/2020
wh by H",3000,1,1,8.3.3.0.0,NC,Add by stock-check,1
7,783,FGL1717X3E5,NULL,"8.3.3.0.0; 27/03/2020
wh by H",3000,1,1,8.3.3.0.0,NC,Add by stock-check,1
7,783,FGL1717X426,NULL,"8.3.3.0.0; 27/03/2020
wh by H",3000,1,1,8.3.3.0.0,NC,Add by stock-check,1
7,783,FGL1729X0GK,NULL,"8.3.3.0.0; 27/03/2020
wh by H",3000,1,1,8.3.3.0.0,NC,Add by stock-check,1
7,783,FGL1717X3YU,NULL,"8.3.3.0.0; 27/03/2020
wh by H",3000,1,1,8.3.3.0.0,NC,Add by stock-check,1
7,783,FGL1715S94T,NULL,"8.3.3.0.0; 27/03/2020
wh by H",3000,1,1,8.3.3.0.0,NC,Add by stock-check,1
7,783,FGL1826S4C4,NULL,"8.3.3.0.0; 27/03/2020
wh by H",3000,1,1,8.3.3.0.0,NC,Add by stock-check,1
7,783,FGL1715S955,NULL,"8.3.3.0.0; 27/03/2020
wh by H",3000,1,1,8.3.3.0.0,NC,Add by stock-check,1
7,783,FGL1717X3ZX,NULL,"8.3.3.0.0; 27/03/2020
wh by H",3000,1,1,8.3.3.0.0,NC,Add by stock-check,1
7,783,FGL1715S94S,NULL,"8.3.3.0.0; 27/03/2020
wh by H",3000,1,1,8.3.3.0.0,NC,Add by stock-check,1
7,783,FGL1717X3Z9,NULL,"8.3.3.0.0; 27/03/2020
wh by H",3000,1,1,8.3.3.0.0,NC,Add by stock-check,1
7,783,FGL1717X408,NULL,"8.3.3.0.0; 27/03/2020
wh by H",3000,1,1,8.3.3.0.0,NC,Add by stock-check,1
7,783,FGL1717X43B,NULL,"8.3.3.0.0; 27/03/2020
wh by H",3000,1,1,8.3.3.0.0,NC,Add by stock-check,1
7,783,FGL1717X404,NULL,"8.3.3.0.0; 27/03/2020
wh by H",3000,1,1,8.3.3.0.0,NC,Add by stock-check,1
7,783,FGL1711S8Z8,NULL,"8.3.3.0.0; 27/03/2020
wh by H",3000,1,1,8.3.3.0.0,NC,Add by stock-check,1
7,783,FGL1717X414,NULL,"8.3.3.0.0; 27/03/2020
wh by N",3000,1,1,8.3.3.0.0,NC,Add by stock-check,1
7,783,FGL1717X41W,NULL,"8.3.3.0.0; 27/03/2020
wh by H",3000,1,1,8.3.3.0.0,NC,Add by stock-check,1
7,783,FGL1717X43R,NULL,"8.3.3.0.0; 27/03/2020
wh by H",3000,1,1,8.3.3.0.0,NC,Add by stock-check,1
7,783,FGL1717X3CZ,NULL,"8.3.3.0.0; 27/03/2020
wh by viet",3000,1,1,8.3.3.0.0,NC,Add by stock-check,1
7,783,FGL1717X3CE,NULL,"8.3.3.0.0; 27/03/2020
wh by viet",3000,1,1,8.3.3.0.0,NC,Add by stock-check,1
7,783,FGL1717X3CX,NULL,"8.3.3.0.0; 27/03/2020
wh by viet",3000,1,1,8.3.3.0.0,NC,Add by stock-check,1
7,783,FGL1717X3CV,NULL,"8.3.3.0.0; 27/03/2020
wh by viet",3000,1,1,8.3.3.0.0,NC,Add by stock-check,1
7,783,FGL1717X3BM,NULL,"8.3.3.0.0; 27/03/2020
wh by viet",3000,1,1,8.3.3.0.0,NC,Add by stock-check,1
7,783,FGL1717X3CC,NULL,"8.3.3.0.0; 27/03/2020
wh by viet",3000,1,1,8.3.3.0.0,NC,Add by stock-check,1
7,783,FGL1717X41C,NULL,"8.3.3.0.0; 27/03/2020
wh by viet",3000,1,1,8.3.3.0.0,NC,Add by stock-check,1
7,783,FGL1729X0HF,NULL,"8.3.3.0.0; 27/03/2020
wh by viet",3000,1,1,8.3.3.0.0,NC,Add by stock-check,1
7,783,FGL1717X3BX,NULL,"8.3.3.0.0; 27/03/2020
wh by viet",3000,1,1,8.3.3.0.0,NC,Add by stock-check,1
7,783,FGL1717X3A0,NULL,"8.3.3.0.0; 27/03/2020
wh by viet",3000,1,1,8.3.3.0.0,NC,Add by stock-check,1
7,783,FGL1729X0FG,NULL,"8.3.3.0.0; 27/03/2020
wh by viet",3000,1,1,8.3.3.0.0,NC,Add by stock-check,1
7,783,FGL1717X41Y,NULL,"8.3.3.0.0; 27/03/2020
wh by viet",3000,1,1,8.3.3.0.0,NC,Add by stock-check,1
7,783,FGL1717X3BY,NULL,"8.3.3.0.0; 27/03/2020
wh by viet",3000,1,1,8.3.3.0.0,NC,Add by stock-check,1
7,783,FGL1717X42U,NULL,"8.3.3.0.0; 27/03/2020
wh by viet",3000,1,1,8.3.3.0.0,NC,Add by stock-check,1
7,783,FGL1717X3CH,NULL,"8.3.3.0.0; 27/03/2020
wh by viet",3000,1,1,8.3.3.0.0,NC,Add by stock-check,1
7,783,FGL1717X3DA,NULL,"8.3.3.0.0; 27/03/2020
wh by viet",3000,1,1,8.3.3.0.0,NC,Add by stock-check,1
7,783,FGL1711S8YD,NULL,"8.3.3.0.0; 27/03/2020
wh by viet",3000,1,1,8.3.3.0.0,NC,Add by stock-check,1
7,783,FGL1717X3ZG,NULL,"8.3.3.0.0; 27/03/2020
wh by viet",3000,1,1,8.3.3.0.0,NC,Add by stock-check,1
7,784,FGL1717X34W,NULL,"8.3.3.0.0; 27/03/2020
wh by viet",3000,1,1,8.3.3.0.0,NC,Add by stock-check,1
7,784,FGL1742W6QX,NULL,"8.3.3.0.0; 27/03/2020
wh by viet",3000,1,1,8.3.3.0.0,NC,Add by stock-check,1
7,784,FGL1717X354,NULL,"8.3.3.0.0; 27/03/2020
wh by viet",3000,1,1,8.3.3.0.0,NC,Add by stock-check,1
7,784,FGL1717W3WJ,NULL,"8.3.3.0.0; 27/03/2020
wh by viet",3000,1,1,8.3.3.0.0,NC,Add by stock-check,1
7,784,FGL1717S57N,NULL,"8.3.3.0.0; 27/03/2020
wh by viet",3000,1,1,8.3.3.0.0,NC,Add by stock-check,1
7,784,FGL1717X35Y,NULL,"8.3.3.0.0; 27/03/2020
wh by viet",3000,1,1,8.3.3.0.0,NC,Add by stock-check,1
7,784,FGL1717S590,NULL,"8.3.3.0.0; 27/03/2020
wh by viet",3000,1,1,8.3.3.0.0,NC,Add by stock-check,1
7,784,FGL1717S58A,NULL,"8.3.3.0.0; 27/03/2020
wh by viet",3000,1,1,8.3.3.0.0,NC,Add by stock-check,1
7,784,FGL1717S58H,NULL,"8.3.3.0.0; 27/03/2020
wh by viet",3000,1,1,8.3.3.0.0,NC,Add by stock-check,1
7,784,FGL1717S58J,NULL,"8.3.3.0.0; 27/03/2020
wh by viet",3000,1,1,8.3.3.0.0,NC,Add by stock-check,1
7,784,FGL1717X35T,NULL,"8.3.3.0.0; 27/03/2020
wh by viet",3000,1,1,8.3.3.0.0,NC,Add by stock-check,1
7,784,FGL1717X35U,NULL,"8.3.3.0.0; 27/03/2020
wh by viet",3000,1,1,8.3.3.0.0,NC,Add by stock-check,1
7,784,FGL1717X35R,NULL,"8.3.3.0.0; 27/03/2020
wh by viet",3000,1,1,8.3.3.0.0,NC,Add by stock-check,1
7,784,FGL1717X35L,NULL,"8.3.3.0.0; 27/03/2020
wh by viet",3000,1,1,8.3.3.0.0,NC,Add by stock-check,1
7,783,FGL1717X3A3,NULL,"8.3.3.0.0; 27/03/2020
wh by viet",3000,1,1,8.3.3.0.0,NC,Add by stock-check,1
7,783,FGL1729X0GV,NULL,"8.3.3.0.0; 27/03/2020
wh by viet",3000,1,1,8.3.3.0.0,NC,Add by stock-check,1
7,783,FGL1717X435,NULL,"8.3.3.0.0; 27/03/2020
wh by viet",3000,1,1,8.3.3.0.0,NC,Add by stock-check,1
7,783,FGL1717X40L,NULL,"8.3.3.0.0; 27/03/2020
wh by viet",3000,1,1,8.3.3.0.0,NC,Add by stock-check,1
7,783,FGL1717X3D5,NULL,"8.3.3.0.0; 27/03/2020
wh by viet",3000,1,1,8.3.3.0.0,NC,Add by stock-check,1
7,783,FGL1826S4C5,NULL,"8.3.3.0.0; 27/03/2020
wh by viet",3000,1,1,8.3.3.0.0,NC,Add by stock-check,1
7,783,FGL1717X40K,NULL,"8.3.3.0.0; 27/03/2020
wh by viet",3000,1,1,8.3.3.0.0,NC,Add by stock-check,1
7,783,FGL1717X40Y,NULL,"8.3.3.0.0; 27/03/2020
wh by viet",3000,1,1,8.3.3.0.0,NC,Add by stock-check,1
7,783,FGL1717X3EX,NULL,"8.3.3.0.0; 27/03/2020
wh by viet",3000,1,1,8.3.3.0.0,NC,Add by stock-check,1
7,783,FGL1717X40B,NULL,"8.3.3.0.0; 27/03/2020
wh by viet",3000,1,1,8.3.3.0.0,NC,Add by stock-check,1
7,783,FGL1717X3AN,NULL,"8.3.3.0.0; 27/03/2020
wh by viet",3000,1,1,8.3.3.0.0,NC,Add by stock-check,1
7,783,FGL1717X3F2,NULL,"8.3.3.0.0; 27/03/2020
wh by viet",3000,1,1,8.3.3.0.0,NC,Add by stock-check,1
7,783,FGL1717X40S,NULL,"8.3.3.0.0; 27/03/2020
wh by viet",3000,1,1,8.3.3.0.0,NC,Add by stock-check,1
7,783,FGL1717X42C,NULL,"8.3.3.0.0; 27/03/2020
wh by viet",3000,1,1,8.3.3.0.0,NC,Add by stock-check,1
7,784,FGL1717W3W4,NULL,"8.3.3.0.0; 27/03/2020
wh by viet",3000,1,1,8.3.3.0.0,NC,Add by stock-check,1
7,784,FGL1742W6TF,NULL,"8.3.3.0.0; 27/03/2020
wh by viet",3000,1,1,8.3.3.0.0,NC,Add by stock-check,1
7,784,FGL1742W6RW,NULL,"8.3.3.0.0; 27/03/2020
wh by viet",3000,1,1,8.3.3.0.0,NC,Add by stock-check,1
7,784,FGL1736W3G8,NULL,"8.3.3.0.0; 27/03/2020
wh by viet",3000,1,1,8.3.3.0.0,NC,Add by stock-check,1
7,784,FGL1632W16S,NULL,"8.3.3.0.0; 27/03/2020
wh by viet",3000,1,1,8.3.3.0.0,NC,Add by stock-check,1
7,784,FGL1736W3E1,NULL,"8.3.3.0.0; 27/03/2020
wh by viet",3000,1,1,8.3.3.0.0,NC,Add by stock-check,1
7,784,FGL1736W3E6,NULL,"8.3.3.0.0; 27/03/2020
wh by viet",3000,1,1,8.3.3.0.0,NC,Add by stock-check,1
7,784,FGL1717W3W5,NULL,"8.3.3.0.0; 27/03/2020
wh by viet",3000,1,1,8.3.3.0.0,NC,Add by stock-check,1
7,785,FGL1621W00J,NULL,"8.3.3.0.0; 27/03/2020
wh by viet",3000,1,1,8.3.3.0.0,NC,Add by stock-check,1
7,784,FGL1717X393,NULL,"8.3.3.0.0; 27/03/2020
wh by viet",3000,1,1,8.3.3.0.0,NC,Add by stock-check,1
7,784,FGL1736W3G7,NULL,"8.3.3.0.0; 27/03/2020
wh by viet",3000,1,1,8.3.3.0.0,NC,Add by stock-check,1
7,785,FGL1621W00K,NULL,"8.3.3.0.0; 27/03/2020
wh by viet",3000,1,1,8.3.3.0.0,NC,Add by stock-check,1
7,784,FGL1717W3VW,NULL,"8.3.3.0.0; 27/03/2020
wh by viet",3000,1,1,8.3.3.0.0,NC,Add by stock-check,1
7,785,FGL1621W00S,NULL,"8.3.3.0.0; 27/03/2020
wh by viet",3000,1,1,8.3.3.0.0,NC,Add by stock-check,1
7,783,FGL1717X3BV,NULL,"8.3.3.0.0; 27/03/2020
wh by viet",3000,1,1,8.3.3.0.0,NC,Add by stock-check,1
7,783,FGL1717X429,NULL,"8.3.3.0.0; 27/03/2020
wh by viet",3000,1,1,8.3.3.0.0,NC,Add by stock-check,1
7,783,FGL1717X3EN,NULL,"8.3.3.0.0; 27/03/2020
wh by viet",3000,1,1,8.3.3.0.0,NC,Add by stock-check,1
7,783,FGL1724W1W0,NULL,"8.3.3.0.0; 27/03/2020
wh by viet",3000,1,1,8.3.3.0.0,NC,Add by stock-check,1
7,783,FGL1717X40E,NULL,"8.3.3.0.0; 27/03/2020
wh by viet",3000,1,1,8.3.3.0.0,NC,Add by stock-check,1
7,783,FGL1717X3BK,NULL,"8.3.3.0.0; 27/03/2020
wh by viet",3000,1,1,8.3.3.0.0,NC,Add by stock-check,1
7,783,FGL1717X41B,NULL,"8.3.3.0.0; 27/03/2020
wh by viet",3000,1,1,8.3.3.0.0,NC,Add by stock-check,1
7,783,FGL1717X40P,NULL,"8.3.3.0.0; 27/03/2020
wh by viet",3000,1,1,8.3.3.0.0,NC,Add by stock-check,1
7,783,FGL1717X3CU,NULL,"8.3.3.0.0; 27/03/2020
wh by viet",3000,1,1,8.3.3.0.0,NC,Add by stock-check,1
7,783,FGL1717X40N,NULL,"8.3.3.0.0; 27/03/2020
wh by viet",3000,1,1,8.3.3.0.0,NC,Add by stock-check,1
7,783,FGL1801S3QM,NULL,"8.3.3.0.0; 27/03/2020
wh by viet",3000,1,1,8.3.3.0.0,NC,Add by stock-check,1
7,783,FGL1801S3R0,NULL,"8.3.3.0.0; 27/03/2020
wh by viet",3000,1,1,8.3.3.0.0,NC,Add by stock-check,1
7,783,FGL1717X3ZS,NULL,"8.3.3.0.0; 27/03/2020
wh by viet",3000,1,1,8.3.3.0.0,NC,Add by stock-check,1
7,783,FGL1717X406,NULL,"8.3.3.0.0; 27/03/2020
wh by viet",3000,1,1,8.3.3.0.0,NC,Add by stock-check,1
7,784,FGL1742W6UJ,NULL,"8.3.3.0.0; 27/03/2020
wh by viet",3000,1,1,8.3.3.0.0,NC,Add by stock-check,1
7,784,FGL1742W6UB,NULL,"8.3.3.0.0; 27/03/2020
wh by viet",3000,1,1,8.3.3.0.0,NC,Add by stock-check,1
7,784,FGL1742W6RL,NULL,"8.3.3.0.0; 27/03/2020
wh by viet",3000,1,1,8.3.3.0.0,NC,Add by stock-check,1
7,784,FGL1742W6R3,NULL,"8.3.3.0.0; 27/03/2020
wh by viet",3000,1,1,8.3.3.0.0,NC,Add by stock-check,1
7,784,FGL1742W6TA,NULL,"8.3.3.0.0; 27/03/2020
wh by viet",3000,1,1,8.3.3.0.0,NC,Add by stock-check,1
7,784,FGL1717X35H,NULL,"8.3.3.0.0; 27/03/2020
wh by viet",3000,1,1,8.3.3.0.0,NC,Add by stock-check,1
7,784,FGL1742W6RD,NULL,"8.3.3.0.0; 27/03/2020
wh by viet",3000,1,1,8.3.3.0.0,NC,Add by stock-check,1
7,784,FGL1742W6TG,NULL,"8.3.3.0.0; 27/03/2020
wh by viet",3000,1,1,8.3.3.0.0,NC,Add by stock-check,1
7,784,FGL1742W6UD,NULL,"8.3.3.0.0; 27/03/2020
wh by viet",3000,1,1,8.3.3.0.0,NC,Add by stock-check,1
7,784,FGL1742W6RC,NULL,"8.3.3.0.0; 27/03/2020
wh by viet",3000,1,1,8.3.3.0.0,NC,Add by stock-check,1
7,784,FGL1717X3KG,NULL,"8.3.3.0.0; 27/03/2020
wh by viet",3000,1,1,8.3.3.0.0,NC,Add by stock-check,1
7,784,FGL1717X3GD,NULL,"8.3.3.0.0; 27/03/2020
wh by viet",3000,1,1,8.3.3.0.0,NC,Add by stock-check,1
7,784,FGL1632W22W,NULL,"8.3.3.0.0; 27/03/2020
wh by viet",3000,1,1,8.3.3.0.0,NC,Add by stock-check,1
7,784,FGL1632W21Q,NULL,"8.3.3.0.0; 27/03/2020
wh by viet",3000,1,1,8.3.3.0.0,NC,Add by stock-check,1
7,784,FGL1717S589,NULL,"8.3.3.0.0; 27/03/2020
wh by viet",3000,1,1,8.3.3.0.0,NC,Add by stock-check,1
7,784,FGL1717W44Q,NULL,"8.3.3.0.0; 27/03/2020
wh by viet",3000,1,1,8.3.3.0.0,NC,Add by stock-check,1
7,784,FGL1717X35J,NULL,"8.3.3.0.0; 27/03/2020
wh by viet",3000,1,1,8.3.3.0.0,NC,Add by stock-check,1
7,784,FGL1717X34Q,NULL,"8.3.3.0.0; 27/03/2020
wh by viet",3000,1,1,8.3.3.0.0,NC,Add by stock-check,1
7,784,FGL1717X379,NULL,"8.3.3.0.0; 27/03/2020
wh by viet",3000,1,1,8.3.3.0.0,NC,Add by stock-check,1
7,784,FGL1717X34Y,NULL,"8.3.3.0.0; 27/03/2020
wh by viet",3000,1,1,8.3.3.0.0,NC,Add by stock-check,1
7,784,FGL1717X367,NULL,"8.3.3.0.0; 27/03/2020
wh by viet",3000,1,1,8.3.3.0.0,NC,Add by stock-check,1
7,784,FGL1717X36K,NULL,"8.3.3.0.0; 27/03/2020
wh by viet",3000,1,1,8.3.3.0.0,NC,Add by stock-check,1
7,784,FGL1717X36N,NULL,"8.3.3.0.0; 27/03/2020
wh by viet",3000,1,1,8.3.3.0.0,NC,Add by stock-check,1
7,784,FGL1717S561,NULL,"8.3.3.0.0; 27/03/2020
wh by viet",3000,1,1,8.3.3.0.0,NC,Add by stock-check,1
7,784,FGL1717X39Q,NULL,"8.3.3.0.0; 27/03/2020
wh by viet",3000,1,1,8.3.3.0.0,NC,Add by stock-check,1
7,784,FGL1717S556,NULL,"8.3.3.0.0; 27/03/2020
wh by viet",3000,1,1,8.3.3.0.0,NC,Add by stock-check,1
7,784,FGL1717W44K,NULL,"8.3.3.0.0; 27/03/2020
wh by viet",3000,1,1,8.3.3.0.0,NC,Add by stock-check,1
7,784,FGL1717X34E,NULL,"8.3.3.0.0; 27/03/2020
wh by viet",3000,1,1,8.3.3.0.0,NC,Add by stock-check,1
7,784,FGL1736W3DT,NULL,"8.3.3.0.0; 27/03/2020
wh by viet",3000,1,1,8.3.3.0.0,NC,Add by stock-check,1
7,784,FGL1742W6R8,NULL,"8.3.3.0.0; 27/03/2020
wh by viet",3000,1,1,8.3.3.0.0,NC,Add by stock-check,1
7,784,FGL1736W3EY,NULL,"8.3.3.0.0; 27/03/2020
wh by viet",3000,1,1,8.3.3.0.0,NC,Add by stock-check,1
7,784,FGL1736W3DV,NULL,"8.3.3.0.0; 27/03/2020
wh by viet",3000,1,1,8.3.3.0.0,NC,Add by stock-check,1
7,784,FGL1736W3EN,NULL,"8.3.3.0.0; 27/03/2020
wh by viet",3000,1,1,8.3.3.0.0,NC,Add by stock-check,1
7,784,FGL1736W3EC,NULL,"8.3.3.0.0; 27/03/2020
wh by viet",3000,1,1,8.3.3.0.0,NC,Add by stock-check,1
7,784,FGL1742W6UL,NULL,"8.3.3.0.0; 27/03/2020
wh by viet",3000,1,1,8.3.3.0.0,NC,Add by stock-check,1
7,784,FGL1742W6QW,NULL,"8.3.3.0.0; 27/03/2020
wh by viet",3000,1,1,8.3.3.0.0,NC,Add by stock-check,1
7,784,FGL1736W3EW,NULL,"8.3.3.0.0; 27/03/2020
wh by viet",3000,1,1,8.3.3.0.0,NC,Add by stock-check,1
7,784,FGL1742W6ST,NULL,"8.3.3.0.0; 27/03/2020
wh by viet",3000,1,1,8.3.3.0.0,NC,Add by stock-check,1
7,784,FGL1736W3DZ,NULL,"8.3.3.0.0; 27/03/2020
wh by viet",3000,1,1,8.3.3.0.0,NC,Add by stock-check,1
7,784,FGL1736W3EQ,NULL,"8.3.3.0.0; 27/03/2020
wh by viet",3000,1,1,8.3.3.0.0,NC,Add by stock-check,1
7,784,FGL1736W3EP,NULL,"8.3.3.0.0; 27/03/2020
wh by viet",3000,1,1,8.3.3.0.0,NC,Add by stock-check,1
7,784,FGL1736W3EZ,NULL,"8.3.3.0.0; 27/03/2020
wh by viet",3000,1,1,8.3.3.0.0,NC,Add by stock-check,1
7,784,FGL1736W3GQ,NULL,"8.3.3.0.0; 27/03/2020
wh by viet",3000,1,1,8.3.3.0.0,NC,Add by stock-check,1
7,784,FGL1736W3G3,NULL,"8.3.3.0.0; 27/03/2020
wh by viet",3000,1,1,8.3.3.0.0,NC,Add by stock-check,1
7,784,FGL1736W3EA,NULL,"8.3.3.0.0; 27/03/2020
wh by viet",3000,1,1,8.3.3.0.0,NC,Add by stock-check,1
7,784,FGL1736W3GG,NULL,"8.3.3.0.0; 27/03/2020
wh by viet",3000,1,1,8.3.3.0.0,NC,Add by stock-check,1
7,784,FGL1717X361,NULL,"8.3.3.0.0; 27/03/2020
wh by viet",3000,1,1,8.3.3.0.0,NC,Add by stock-check,1
7,784,FGL1717S59P,NULL,"8.3.3.0.0; 27/03/2020
wh by viet",3000,1,1,8.3.3.0.0,NC,Add by stock-check,1
7,784,FGL1717X36B,NULL,"8.3.3.0.0; 27/03/2020
wh by viet",3000,1,1,8.3.3.0.0,NC,Add by stock-check,1
7,784,FGL1717X3JQ,NULL,"8.3.3.0.0; 27/03/2020
wh by viet",3000,1,1,8.3.3.0.0,NC,Add by stock-check,1
7,784,FGL1717X37G,NULL,"8.3.3.0.0; 27/03/2020
wh by viet",3000,1,1,8.3.3.0.0,NC,Add by stock-check,1
7,784,FGL1717X3GR,NULL,"8.3.3.0.0; 27/03/2020
wh by viet",3000,1,1,8.3.3.0.0,NC,Add by stock-check,1
7,784,FGL1717W448,NULL,"8.3.3.0.0; 27/03/2020
wh by viet",3000,1,1,8.3.3.0.0,NC,Add by stock-check,1
7,784,FGL1717W42X,NULL,"8.3.3.0.0; 27/03/2020
wh by viet",3000,1,1,8.3.3.0.0,NC,Add by stock-check,1
7,784,FGL1717X368,NULL,"8.3.3.0.0; 27/03/2020
wh by viet",3000,1,1,8.3.3.0.0,NC,Add by stock-check,1
7,784,FGL1628W066,NULL,"8.3.3.0.0; 27/03/2020
wh by viet",3000,1,1,8.3.3.0.0,NC,Add by stock-check,1
7,784,FGL1717W41Q,NULL,"8.3.3.0.0; 27/03/2020
wh by viet",3000,1,1,8.3.3.0.0,NC,Add by stock-check,1
7,784,FGL1717S5A7,NULL,"8.3.3.0.0; 27/03/2020
wh by viet",3000,1,1,8.3.3.0.0,NC,Add by stock-check,1
7,784,FGL1717W40K,NULL,"8.3.3.0.0; 27/03/2020
wh by viet",3000,1,1,8.3.3.0.0,NC,Add by stock-check,1
7,784,FGL1742W6T7,NULL,"8.3.3.0.0; 27/03/2020
wh by viet",3000,1,1,8.3.3.0.0,NC,Add by stock-check,1
7,784,FGL1717W3WL,NULL,"8.3.3.0.0; 27/03/2020
wh by viet",3000,1,1,8.3.3.0.0,NC,Add by stock-check,1
7,784,FGL1717S57C,NULL,"8.3.3.0.0; 27/03/2020
wh by viet",3000,1,1,8.3.3.0.0,NC,Add by stock-check,1
7,784,FGL1742W6TL,NULL,"8.3.3.0.0; 27/03/2020
wh by viet",3000,1,1,8.3.3.0.0,NC,Add by stock-check,1
7,784,FGL1828W40X,NULL,"8.3.3.0.0; 27/03/2020
wh by viet",3000,1,1,8.3.3.0.0,NC,Add by stock-check,1
7,784,FGL1826X1TG,NULL,"8.3.3.0.0; 27/03/2020
wh by viet",3000,1,1,8.3.3.0.0,NC,Add by stock-check,1
7,784,FGL1826X1TW,NULL,"8.3.3.0.0; 27/03/2020
wh by viet",3000,1,1,8.3.3.0.0,NC,Add by stock-check,1
7,784,FGL1717X374,NULL,"8.3.3.0.0; 27/03/2020
wh by viet",3000,1,1,8.3.3.0.0,NC,Add by stock-check,1
7,785,FGL1627W0KZ,NULL,"8.3.3.0.0; 27/03/2020
wh by viet",3000,1,1,8.3.3.0.0,NC,Add by stock-check,1
7,784,FGL1828W40J,NULL,"8.3.3.0.0; 27/03/2020
wh by viet",3000,1,1,8.3.3.0.0,NC,Add by stock-check,1
7,784,FGL1717W3WD,NULL,"8.3.3.0.0; 27/03/2020
wh by viet",3000,1,1,8.3.3.0.0,NC,Add by stock-check,1
7,784,FGL1851XF4A,NULL,"8.3.3.0.0; 27/03/2020
wh by viet",3000,1,1,8.3.3.0.0,NC,Add by stock-check,1
7,784,FGL1826X1SK,NULL,"8.3.3.0.0; 27/03/2020
wh by viet",3000,1,1,8.3.3.0.0,NC,Add by stock-check,1
7,784,FGL1828X2K5,NULL,"8.3.3.0.0; 27/03/2020
wh by viet",3000,1,1,8.3.3.0.0,NC,Add by stock-check,1
7,784,FGL1828X2KJ,NULL,"8.3.3.0.0; 27/03/2020
wh by viet",3000,1,1,8.3.3.0.0,NC,Add by stock-check,1
7,784,FGL1828X2KY,NULL,"8.3.3.0.0; 27/03/2020
wh by viet",3000,1,1,8.3.3.0.0,NC,Add by stock-check,1
7,784,FGL1826X1TY,NULL,"8.3.3.0.0; 27/03/2020
wh by viet",3000,1,1,8.3.3.0.0,NC,Add by stock-check,1
7,784,FGL1828X2JS,NULL,"8.3.3.0.0; 27/03/2020
wh by viet",3000,1,1,8.3.3.0.0,NC,Add by stock-check,1
7,784,FGL1826X1TX,NULL,"8.3.3.0.0; 27/03/2020
wh by viet",3000,1,1,8.3.3.0.0,NC,Add by stock-check,1
7,784,FGL1826X1TQ,NULL,"8.3.3.0.0; 27/03/2020
wh by viet",3000,1,1,8.3.3.0.0,NC,Add by stock-check,1
7,784,FGL1826X1SL,NULL,"8.3.3.0.0; 27/03/2020
wh by viet",3000,1,1,8.3.3.0.0,NC,Add by stock-check,1
7,784,FGL1717W3VL,NULL,"8.3.3.0.0; 27/03/2020
wh by viet",3000,1,1,8.3.3.0.0,NC,Add by stock-check,1
7,784,FGL1717X3LT,NULL,"8.3.3.0.0; 27/03/2020
wh by viet",3000,1,1,8.3.3.0.0,NC,Add by stock-check,1
7,784,FGL1742W6SW,NULL,"8.3.3.0.0; 27/03/2020
wh by viet",3000,1,1,8.3.3.0.0,NC,Add by stock-check,1
7,784,FGL1742W6TJ,NULL,"8.3.3.0.0; 27/03/2020
wh by viet",3000,1,1,8.3.3.0.0,NC,Add by stock-check,1
7,784,FGL1717W40J,NULL,"8.3.3.0.0; 27/03/2020
wh by viet",3000,1,1,8.3.3.0.0,NC,Add by stock-check,1
7,784,FGL1717W44U,NULL,"8.3.3.0.0; 27/03/2020
wh by viet",3000,1,1,8.3.3.0.0,NC,Add by stock-check,1
7,784,FGL1717S54M,NULL,"8.3.3.0.0; 27/03/2020
wh by viet",3000,1,1,8.3.3.0.0,NC,Add by stock-check,1
7,784,FGL1742W6T6,NULL,"8.3.3.0.0; 27/03/2020
wh by viet",3000,1,1,8.3.3.0.0,NC,Add by stock-check,1
7,784,FGL1742W6RM,NULL,"8.3.3.0.0; 27/03/2020
wh by viet",3000,1,1,8.3.3.0.0,NC,Add by stock-check,1
7,784,FGL1717W44Y,NULL,"8.3.3.0.0; 27/03/2020
wh by viet",3000,1,1,8.3.3.0.0,NC,Add by stock-check,1
7,784,FGL1742W6RG,NULL,"8.3.3.0.0; 27/03/2020
wh by viet",3000,1,1,8.3.3.0.0,NC,Add by stock-check,1
7,784,FGL1742W6RR,NULL,"8.3.3.0.0; 27/03/2020
wh by viet",3000,1,1,8.3.3.0.0,NC,Add by stock-check,1
7,784,FGL1742W6T2,NULL,"8.3.3.0.0; 27/03/2020
wh by viet",3000,1,1,8.3.3.0.0,NC,Add by stock-check,1
7,784,FGL1742W6QF,NULL,"8.3.3.0.0; 27/03/2020
wh by viet",3000,1,1,8.3.3.0.0,NC,Add by stock-check,1
7,784,FGL1717S59G,NULL,"8.3.3.0.0; 27/03/2020
wh by viet",3000,1,1,8.3.3.0.0,NC,Add by stock-check,1
7,784,FGL1737W7WV,NULL,"8.3.3.0.0; 27/03/2020
wh by viet",3000,1,1,8.3.3.0.0,NC,Add by stock-check,1
7,784,FGL1717S59N,NULL,"8.3.3.0.0; 27/03/2020
wh by viet",3000,1,1,8.3.3.0.0,NC,Add by stock-check,1
7,784,FGL1648Z3BA,NULL,"8.3.3.0.0; 27/03/2020
wh by viet",3000,1,1,8.3.3.0.0,NC,Add by stock-check,1
7,784,FGL1717S54Z,NULL,"8.3.3.0.0; 27/03/2020
wh by viet",3000,1,1,8.3.3.0.0,NC,Add by stock-check,1
7,784,FGL1717X355,NULL,"8.3.3.0.0; 27/03/2020
wh by viet",3000,1,1,8.3.3.0.0,NC,Add by stock-check,1
7,784,FGL1742W6SQ,NULL,"8.3.3.0.0; 27/03/2020
wh by viet",3000,1,1,8.3.3.0.0,NC,Add by stock-check,1
7,784,FGL1717X3HU,NULL,"8.3.3.0.0; 27/03/2020
wh by viet",3000,1,1,8.3.3.0.0,NC,Add by stock-check,1
7,784,FGL1717X3JW,NULL,"8.3.3.0.0; 27/03/2020
wh by viet",3000,1,1,8.3.3.0.0,NC,Add by stock-check,1
7,784,FGL1717W42Q,NULL,"8.3.3.0.0; 27/03/2020
wh by viet",3000,1,1,8.3.3.0.0,NC,Add by stock-check,1
7,784,FGL1717X3J6,NULL,"8.3.3.0.0; 27/03/2020
wh by viet",3000,1,1,8.3.3.0.0,NC,Add by stock-check,1
7,784,FGL1717S599,NULL,"8.3.3.0.0; 27/03/2020
wh by viet",3000,1,1,8.3.3.0.0,NC,Add by stock-check,1
7,784,FGL1717S54H,NULL,"8.3.3.0.0; 27/03/2020
wh by viet",3000,1,1,8.3.3.0.0,NC,Add by stock-check,1
7,784,FGL1717S56D,NULL,"8.3.3.0.0; 27/03/2020
wh by viet",3000,1,1,8.3.3.0.0,NC,Add by stock-check,1
7,784,FGL1717X372,NULL,"8.3.3.0.0; 27/03/2020
wh by viet",3000,1,1,8.3.3.0.0,NC,Add by stock-check,1
7,784,FGL1717S596,NULL,"8.3.3.0.0; 27/03/2020
wh by viet",3000,1,1,8.3.3.0.0,NC,Add by stock-check,1
7,784,FGL1717X39S,NULL,"8.3.3.0.0; 27/03/2020
wh by viet",3000,1,1,8.3.3.0.0,NC,Add by stock-check,1
7,784,FGL1717X3JK,NULL,"8.3.3.0.0; 27/03/2020
wh by viet",3000,1,1,8.3.3.0.0,NC,Add by stock-check,1
7,784,FGL1717S58E,NULL,"8.3.3.0.0; 27/03/2020
wh by viet",3000,1,1,8.3.3.0.0,NC,Add by stock-check,1
7,784,FGL1717S583,NULL,"8.3.3.0.0; 27/03/2020
wh by viet",3000,1,1,8.3.3.0.0,NC,Add by stock-check,1
7,784,FGL1717W3XS,NULL,"8.3.3.0.0; 27/03/2020
wh by viet",3000,1,1,8.3.3.0.0,NC,Add by stock-check,1
7,784,FGL1736W3E8,NULL,"8.3.3.0.0; 27/03/2020
wh by viet",3000,1,1,8.3.3.0.0,NC,Add by stock-check,1
7,784,FGL1736W3EM,NULL,"8.3.3.0.0; 27/03/2020
wh by viet",3000,1,1,8.3.3.0.0,NC,Add by stock-check,1
7,784,FGL1717X39K,NULL,"8.3.3.0.0; 27/03/2020
wh by viet",3000,1,1,8.3.3.0.0,NC,Add by stock-check,1
7,784,FGL1717X39R,NULL,"8.3.3.0.0; 27/03/2020
wh by viet",3000,1,1,8.3.3.0.0,NC,Add by stock-check,1
7,784,FGL1717S5A1,NULL,"8.3.3.0.0; 27/03/2020
wh by viet",3000,1,1,8.3.3.0.0,NC,Add by stock-check,1
7,784,FGL1717S58G,NULL,"8.3.3.0.0; 27/03/2020
wh by viet",3000,1,1,8.3.3.0.0,NC,Add by stock-check,1
7,784,FGL1742W6TE,NULL,"8.3.3.0.0; 27/03/2020
wh by viet",3000,1,1,8.3.3.0.0,NC,Add by stock-check,1
7,784,FGL1742W6S6,NULL,"8.3.3.0.0; 27/03/2020
wh by viet",3000,1,1,8.3.3.0.0,NC,Add by stock-check,1
7,784,FGL1742W6QM,NULL,"8.3.3.0.0; 27/03/2020
wh by viet",3000,1,1,8.3.3.0.0,NC,Add by stock-check,1
7,784,FGL1742W6SE,NULL,"8.3.3.0.0; 27/03/2020
wh by viet",3000,1,1,8.3.3.0.0,NC,Add by stock-check,1
7,784,FGL1717W44J,NULL,"8.3.3.0.0; 27/03/2020
wh by viet",3000,1,1,8.3.3.0.0,NC,Add by stock-check,1
7,784,FGL1632W20Z,NULL,"8.3.3.0.0; 27/03/2020
wh by viet",3000,1,1,8.3.3.0.0,NC,Add by stock-check,1
7,784,FGL1717W40B,NULL,"8.3.3.0.0; 27/03/2020
wh by viet",3000,1,1,8.3.3.0.0,NC,Add by stock-check,1
7,784,FGL1826X1SZ,NULL,"8.3.3.0.0; 27/03/2020
wh by viet",3000,1,1,8.3.3.0.0,NC,Add by stock-check,1
7,784,FGL1717X3HD,NULL,"8.3.3.0.0; 27/03/2020
wh by viet",3000,1,1,8.3.3.0.0,NC,Add by stock-check,1
7,784,FGL1717W3Y1,NULL,"8.3.3.0.0; 27/03/2020
wh by viet",3000,1,1,8.3.3.0.0,NC,Add by stock-check,1
7,784,FGL1717X3H3,NULL,"8.3.3.0.0; 27/03/2020
wh by viet",3000,1,1,8.3.3.0.0,NC,Add by stock-check,1
7,784,FGL1632W215,NULL,"8.3.3.0.0; 27/03/2020
wh by viet",3000,1,1,8.3.3.0.0,NC,Add by stock-check,1
7,784,FGL1632W212,NULL,"8.3.3.0.0; 27/03/2020
wh by viet",3000,1,1,8.3.3.0.0,NC,Add by stock-check,1
7,784,FGL1717S55F,NULL,"8.3.3.0.0; 27/03/2020
wh by viet",3000,1,1,8.3.3.0.0,NC,Add by stock-check,1
7,784,FGL1736W3FM,NULL,"8.3.3.0.0; 27/03/2020
wh by viet",3000,1,1,8.3.3.0.0,NC,Add by stock-check,1
7,784,FGL1736W3EJ,NULL,"8.3.3.0.0; 27/03/2020
wh by viet",3000,1,1,8.3.3.0.0,NC,Add by stock-check,1
7,784,FGL1736W3G0,NULL,"8.3.3.0.0; 27/03/2020
wh by viet",3000,1,1,8.3.3.0.0,NC,Add by stock-check,1
7,784,FGL1736W3EV,NULL,"8.3.3.0.0; 27/03/2020
wh by viet",3000,1,1,8.3.3.0.0,NC,Add by stock-check,1
7,785,FGL1624W0RE,NULL,"8.3.3.0.0; 27/03/2020
wh by viet",3000,1,1,8.3.3.0.0,NC,Add by stock-check,1
7,784,FGL1717W45N,NULL,"8.3.3.0.0; 27/03/2020
wh by viet",3000,1,1,8.3.3.0.0,NC,Add by stock-check,1
7,784,FGL1717S551,NULL,"8.3.3.0.0; 27/03/2020
wh by viet",3000,1,1,8.3.3.0.0,NC,Add by stock-check,1
7,785,FGL1621W00B,NULL,"8.3.3.0.0; 27/03/2020
wh by viet",3000,1,1,8.3.3.0.0,NC,Add by stock-check,1
7,785,FGL1621W00V,NULL,"8.3.3.0.0; 27/03/2020
wh by viet",3000,1,1,8.3.3.0.0,NC,Add by stock-check,1
7,785,FGL1621W00C,NULL,"8.3.3.0.0; 27/03/2020
wh by viet",3000,1,1,8.3.3.0.0,NC,Add by stock-check,1
7,785,FGL1621W00D,NULL,"8.3.3.0.0; 27/03/2020
wh by viet",3000,1,1,8.3.3.0.0,NC,Add by stock-check,1
7,785,FGL1621W00R,NULL,"8.3.3.0.0; 27/03/2020
wh by viet",3000,1,1,8.3.3.0.0,NC,Add by stock-check,1
7,784,FGL1828X2KW,NULL,"8.3.3.0.0; 27/03/2020
wh by viet",3000,1,1,8.3.3.0.0,NC,Add by stock-check,1
7,784,FGL1717W462,NULL,"8.3.3.0.0; 27/03/2020
wh by viet",3000,1,1,8.3.3.0.0,NC,Add by stock-check,1
7,784,FGL1717W41D,NULL,"8.3.3.0.0; 27/03/2020
wh by viet",3000,1,1,8.3.3.0.0,NC,Add by stock-check,1
7,784,FGL1717X3JM,NULL,"8.3.3.0.0; 27/03/2020
wh by viet",3000,1,1,8.3.3.0.0,NC,Add by stock-check,1
7,784,FGL1717X3JZ,NULL,"8.3.3.0.0; 27/03/2020
wh by viet",3000,1,1,8.3.3.0.0,NC,Add by stock-check,1
7,784,FGL1717X3HN,NULL,"8.3.3.0.0; 27/03/2020
wh by viet",3000,1,1,8.3.3.0.0,NC,Add by stock-check,1
7,784,FGL1717W3UY,NULL,"8.3.3.0.0; 27/03/2020
wh by viet",3000,1,1,8.3.3.0.0,NC,Add by stock-check,1
7,784,FGL1717X359,NULL,"8.3.3.0.0; 27/03/2020
wh by viet",3000,1,1,8.3.3.0.0,NC,Add by stock-check,1
7,784,FGL1717X34Z,NULL,"8.3.3.0.0; 27/03/2020
wh by viet",3000,1,1,8.3.3.0.0,NC,Add by stock-check,1
7,784,FGL1717W3V2,NULL,"8.3.3.0.0; 27/03/2020
wh by viet",3000,1,1,8.3.3.0.0,NC,Add by stock-check,1
7,784,FGL1717S56G,NULL,"8.3.3.0.0; 27/03/2020
wh by viet",3000,1,1,8.3.3.0.0,NC,Add by stock-check,1
7,784,FGL1717X3GL,NULL,"8.3.3.0.0; 27/03/2020
wh by viet",3000,1,1,8.3.3.0.0,NC,Add by stock-check,1
7,784,FGL1717W3XP,NULL,"8.3.3.0.0; 27/03/2020
wh by viet",3000,1,1,8.3.3.0.0,NC,Add by stock-check,1
7,784,FGL1717W3UV,NULL,"8.3.3.0.0; 27/03/2020
wh by viet",3000,1,1,8.3.3.0.0,NC,Add by stock-check,1
7,784,FGL1717X37W,NULL,"8.3.3.0.0; 27/03/2020
wh by viet",3000,1,1,8.3.3.0.0,NC,Add by stock-check,1
7,784,FGL1717W3V4,NULL,"8.3.3.0.0; 27/03/2020
wh by viet",3000,1,1,8.3.3.0.0,NC,Add by stock-check,1
7,784,FGL1717W41X,NULL,"8.3.3.0.0; 27/03/2020
wh by viet",3000,1,1,8.3.3.0.0,NC,Add by stock-check,1
7,784,FGL1717X36W,NULL,"8.3.3.0.0; 27/03/2020
wh by viet",3000,1,1,8.3.3.0.0,NC,Add by stock-check,1
7,784,FGL1717X3K8,NULL,"8.3.3.0.0; 27/03/2020
wh by viet",3000,1,1,8.3.3.0.0,NC,Add by stock-check,1
7,784,FGL1717X3J0,NULL,"8.3.3.0.0; 27/03/2020
wh by viet",3000,1,1,8.3.3.0.0,NC,Add by stock-check,1
7,784,FGL1736W3F1,NULL,"8.3.3.0.0; 27/03/2020
wh by viet",3000,1,1,8.3.3.0.0,NC,Add by stock-check,1
7,784,FGL1736W3F4,NULL,"8.3.3.0.0; 27/03/2020
wh by viet",3000,1,1,8.3.3.0.0,NC,Add by stock-check,1
7,784,FGL1632W1ZQ,NULL,"8.3.3.0.0; 27/03/2020
wh by viet",3000,1,1,8.3.3.0.0,NC,Add by stock-check,1
7,784,FGL1742W6SB,NULL,"8.3.3.0.0; 27/03/2020
wh by viet",3000,1,1,8.3.3.0.0,NC,Add by stock-check,1
7,785,FGL1624W0RM,NULL,"8.3.3.0.0; 27/03/2020
wh by viet",3000,1,1,8.3.3.0.0,NC,Add by stock-check,1
7,785,FGL1624W0R2,NULL,"8.3.3.0.0; 27/03/2020
wh by viet",3000,1,1,8.3.3.0.0,NC,Add by stock-check,1
7,785,FGL1624W0R3,NULL,"8.3.3.0.0; 27/03/2020
wh by viet",3000,1,1,8.3.3.0.0,NC,Add by stock-check,1
7,785,FGL1624W0RT,NULL,"8.3.3.0.0; 27/03/2020
wh by viet",3000,1,1,8.3.3.0.0,NC,Add by stock-check,1
7,785,FGL1624W0RL,NULL,"8.3.3.0.0; 27/03/2020
wh by viet",3000,1,1,8.3.3.0.0,NC,Add by stock-check,1
7,785,FGL1624W0RJ,NULL,"8.3.3.0.0; 27/03/2020
wh by viet",3000,1,1,8.3.3.0.0,NC,Add by stock-check,1
7,785,FGL1608P0MB,NULL,"8.3.3.0.0; 27/03/2020
wh by viet",3000,1,1,8.3.3.0.0,NC,Add by stock-check,1
7,785,FGL1624W0RQ,NULL,"8.3.3.0.0; 27/03/2020
wh by viet",3000,1,1,8.3.3.0.0,NC,Add by stock-check,1
7,784,FGL1717W3VV,NULL,"8.3.3.0.0; 27/03/2020
wh by viet",3000,1,1,8.3.3.0.0,NC,Add by stock-check,1
7,785,FGL1624W0R7,NULL,"8.3.3.0.0; 27/03/2020
wh by viet",3000,1,1,8.3.3.0.0,NC,Add by stock-check,1
7,784,FGL1736W3ET,NULL,"8.3.3.0.0; 27/03/2020
wh by viet",3000,1,1,8.3.3.0.0,NC,Add by stock-check,1
7,784,FGL1736W3ED,NULL,"8.3.3.0.0; 27/03/2020
wh by viet",3000,1,1,8.3.3.0.0,NC,Add by stock-check,1
7,784,FGL1736W3FD,NULL,"8.3.3.0.0; 27/03/2020
wh by viet",3000,1,1,8.3.3.0.0,NC,Add by stock-check,1
7,784,FGL1736W3GD,NULL,"8.3.3.0.0; 27/03/2020
wh by viet",3000,1,1,8.3.3.0.0,NC,Add by stock-check,1
7,784,FGL1736W3FZ,NULL,"8.3.3.0.0; 27/03/2020
wh by viet",3000,1,1,8.3.3.0.0,NC,Add by stock-check,1
7,784,FGL1736W3GF,NULL,"8.3.3.0.0; 27/03/2020
wh by viet",3000,1,1,8.3.3.0.0,NC,Add by stock-check,1
7,784,FGL1736W3EX,NULL,"8.3.3.0.0; 27/03/2020
wh by viet",3000,1,1,8.3.3.0.0,NC,Add by stock-check,1
7,784,FGL1736W3DP,NULL,"8.3.3.0.0; 27/03/2020
wh by viet",3000,1,1,8.3.3.0.0,NC,Add by stock-check,1
7,784,FGL1736W3FS,NULL,"8.3.3.0.0; 27/03/2020
wh by viet",3000,1,1,8.3.3.0.0,NC,Add by stock-check,1
7,784,FGL1736W3E2,NULL,"8.3.3.0.0; 27/03/2020
wh by viet",3000,1,1,8.3.3.0.0,NC,Add by stock-check,1
7,784,FGL1717X3JB,NULL,"8.3.3.0.0; 27/03/2020
wh by viet",3000,1,1,8.3.3.0.0,NC,Add by stock-check,1
7,784,FGL1717W3W7,NULL,"8.3.3.0.0; 27/03/2020
wh by viet",3000,1,1,8.3.3.0.0,NC,Add by stock-check,1
7,784,FGL1717X3J8,NULL,"8.3.3.0.0; 27/03/2020
wh by viet",3000,1,1,8.3.3.0.0,NC,Add by stock-check,1
7,784,FGL1717W40W,NULL,"8.3.3.0.0; 27/03/2020
wh by viet",3000,1,1,8.3.3.0.0,NC,Add by stock-check,1
7,785,FGL1621W00M,NULL,"8.3.3.0.0; 27/03/2020
wh by viet",3000,1,1,8.3.3.0.0,NC,Add by stock-check,1
7,785,FGL1621W00P,NULL,"8.3.3.0.0; 27/03/2020
wh by viet",3000,1,1,8.3.3.0.0,NC,Add by stock-check,1
7,785,FGL1621W00U,NULL,"8.3.3.0.0; 27/03/2020
wh by viet",3000,1,1,8.3.3.0.0,NC,Add by stock-check,1
7,784,FGL1736W3DY,NULL,"8.3.3.0.0; 27/03/2020
wh by viet",3000,1,1,8.3.3.0.0,NC,Add by stock-check,1
7,784,FGL1736W3F0,NULL,"8.3.3.0.0; 27/03/2020
wh by viet",3000,1,1,8.3.3.0.0,NC,Add by stock-check,1
7,784,FGL1736W3FY,NULL,"8.3.3.0.0; 27/03/2020
wh by viet",3000,1,1,8.3.3.0.0,NC,Add by stock-check,1
7,785,FGL1627W0KS,NULL,"8.3.3.0.0; 27/03/2020
wh by viet",3000,1,1,8.3.3.0.0,NC,Add by stock-check,1
7,785,FGL1621W00X,NULL,"8.3.3.0.0; 27/03/2020
wh by viet",3000,1,1,8.3.3.0.0,NC,Add by stock-check,1
7,785,FGL1621W00L,NULL,"8.3.3.0.0; 27/03/2020
wh by viet",3000,1,1,8.3.3.0.0,NC,Add by stock-check,1
7,784,FGL1736W3F5,NULL,"8.3.3.0.0; 27/03/2020
wh by viet",3000,1,1,8.3.3.0.0,NC,Add by stock-check,1
7,784,FGL1736W3G5,NULL,"8.3.3.0.0; 27/03/2020
wh by viet",3000,1,1,8.3.3.0.0,NC,Add by stock-check,1
7,784,FGL1736W3FN,NULL,"8.3.3.0.0; 27/03/2020
wh by viet",3000,1,1,8.3.3.0.0,NC,Add by stock-check,1
7,784,FGL1736W3GC,NULL,"8.3.3.0.0; 27/03/2020
wh by viet",3000,1,1,8.3.3.0.0,NC,Add by stock-check,1
7,784,FGL1736W3GA,NULL,"8.3.3.0.0; 27/03/2020
wh by viet",3000,1,1,8.3.3.0.0,NC,Add by stock-check,1
7,784,FGL1742W6S0,NULL,"8.3.3.0.0; 27/03/2020
wh by viet",3000,1,1,8.3.3.0.0,NC,Add by stock-check,1
7,784,FGL1742W6RN,NULL,"8.3.3.0.0; 27/03/2020
wh by viet",3000,1,1,8.3.3.0.0,NC,Add by stock-check,1
7,784,FGL1717W419,NULL,"8.3.3.0.0; 27/03/2020
wh by viet",3000,1,1,8.3.3.0.0,NC,Add by stock-check,1
7,784,FGL1742W6RK,NULL,"8.3.3.0.0; 27/03/2020
wh by viet",3000,1,1,8.3.3.0.0,NC,Add by stock-check,1
7,784,FGL1717X364,NULL,"8.3.3.0.0; 27/03/2020
wh by viet",3000,1,1,8.3.3.0.0,NC,Add by stock-check,1
7,784,FGL1717W3VP,NULL,"8.3.3.0.0; 27/03/2020
wh by viet",3000,1,1,8.3.3.0.0,NC,Add by stock-check,1
7,784,FGL1717X3GY,NULL,"8.3.3.0.0; 27/03/2020
wh by viet",3000,1,1,8.3.3.0.0,NC,Add by stock-check,1
7,784,FGL1742W6QC,NULL,"8.3.3.0.0; 27/03/2020
wh by viet",3000,1,1,8.3.3.0.0,NC,Add by stock-check,1
7,784,FGL1742W6S1,NULL,"8.3.3.0.0; 27/03/2020
wh by viet",3000,1,1,8.3.3.0.0,NC,Add by stock-check,1
7,784,FGL1717S57J,NULL,"8.3.3.0.0; 27/03/2020
wh by viet",3000,1,1,8.3.3.0.0,NC,Add by stock-check,1
7,785,FGL1627W0KW,NULL,"8.3.3.0.0; 27/03/2020
wh by viet",3000,1,1,8.3.3.0.0,NC,Add by stock-check,1
7,784,FGL1736W3DN,NULL,"8.3.3.0.0; 27/03/2020
wh by viet",3000,1,1,8.3.3.0.0,NC,Add by stock-check,1
7,784,FGL1717X388,NULL,"8.3.3.0.0; 27/03/2020
wh by viet",3000,1,1,8.3.3.0.0,NC,Add by stock-check,1
7,785,FGL1627W0KQ,NULL,"8.3.3.0.0; 27/03/2020
wh by viet",3000,1,1,8.3.3.0.0,NC,Add by stock-check,1
7,784,FGL1717W416,NULL,"8.3.3.0.0; 27/03/2020
wh by H",3000,1,1,8.3.3.0.0,NC,Add by stock-check,1
7,784,FGL1717W456,NULL,"8.3.3.0.0; 27/03/2020
wh by H",3000,1,1,8.3.3.0.0,NC,Add by stock-check,1
7,784,FGL1650W33N,NULL,"8.3.3.0.0; 27/03/2020
wh by H",3000,1,1,8.3.3.0.0,NC,Add by stock-check,1
7,784,FGL1717W3WC,NULL,"8.3.3.0.0; 27/03/2020
wh by H",3000,1,1,8.3.3.0.0,NC,Add by stock-check,1
7,784,FGL1717W3V3,NULL,"8.3.3.0.0; 27/03/2020
wh by H",3000,1,1,8.3.3.0.0,NC,Add by stock-check,1
7,784,FGL1717W3X2,NULL,"8.3.3.0.0; 27/03/2020
wh by H",3000,1,1,8.3.3.0.0,NC,Add by stock-check,1
7,784,FGL1742W6T0,NULL,"8.3.3.0.0; 27/03/2020
wh by viet",3000,1,1,8.3.3.0.0,NC,Add by stock-check,1
7,784,FGL1742W6U3,NULL,"8.3.3.0.0; 27/03/2020
wh by viet",3000,1,1,8.3.3.0.0,NC,Add by stock-check,1
1,784,FGL1742W6S9,NULL,"8.3.3.0.0; 27/03/2020
",3000,1,1,8.3.3.0.0,NC,Add by stock-check,1
7,784,FGL1742W6UN,NULL,"8.3.3.0.0; 27/03/2020
wh by viet",3000,1,1,8.3.3.0.0,NC,Add by stock-check,1
7,784,FGL1742W6T5,NULL,"8.3.3.0.0; 27/03/2020
wh by viet",3000,1,1,8.3.3.0.0,NC,Add by stock-check,1
7,784,FGL1742W6UP,NULL,"8.3.3.0.0; 27/03/2020
wh by viet",3000,1,1,8.3.3.0.0,NC,Add by stock-check,1
7,784,FGL1742W6TM,NULL,"8.3.3.0.0; 27/03/2020
wh by viet",3000,1,1,8.3.3.0.0,NC,Add by stock-check,1
7,784,FGL1717W3WU,NULL,"8.3.3.0.0; 27/03/2020
wh by viet",3000,1,1,8.3.3.0.0,NC,Add by stock-check,1
7,784,FGL1717X34V,NULL,"8.3.3.0.0; 27/03/2020
wh by viet",3000,1,1,8.3.3.0.0,NC,Add by stock-check,1
7,784,FGL1717S54L,NULL,"8.3.3.0.0; 27/03/2020
wh by viet",3000,1,1,8.3.3.0.0,NC,Add by stock-check,1
7,784,FGL1717S54K,NULL,"8.3.3.0.0; 27/03/2020
wh by viet",3000,1,1,8.3.3.0.0,NC,Add by stock-check,1
7,784,FGL1717X37B,NULL,"8.3.3.0.0; 27/03/2020
wh by viet",3000,1,1,8.3.3.0.0,NC,Add by stock-check,1
7,784,FGL1717X384,NULL,"8.3.3.0.0; 27/03/2020
wh by viet",3000,1,1,8.3.3.0.0,NC,Add by stock-check,1
7,784,FGL1717W424,NULL,"8.3.3.0.0; 27/03/2020
wh by viet",3000,1,1,8.3.3.0.0,NC,Add by stock-check,1
7,784,FGL1717W40Q,NULL,"8.3.3.0.0; 27/03/2020
wh by viet",3000,1,1,8.3.3.0.0,NC,Add by stock-check,1
7,784,FGL1717X39F,NULL,"8.3.3.0.0; 27/03/2020
wh by viet",3000,1,1,8.3.3.0.0,NC,Add by stock-check,1
7,784,FGL1717S577,NULL,"8.3.3.0.0; 27/03/2020
wh by viet",3000,1,1,8.3.3.0.0,NC,Add by stock-check,1
7,785,FGL1624W0R6,NULL,"8.3.3.0.0; 27/03/2020
wh by viet",3000,1,1,8.3.3.0.0,NC,Add by stock-check,1
7,785,FGL1624W0R5,NULL,"8.3.3.0.0; 27/03/2020
wh by viet",3000,1,1,8.3.3.0.0,NC,Add by stock-check,1
7,785,FGL1627W0KP,NULL,"8.3.3.0.0; 27/03/2020
wh by viet",3000,1,1,8.3.3.0.0,NC,Add by stock-check,1
7,784,FGL1717X373,NULL,"8.3.3.0.0; 27/03/2020
wh by viet",3000,1,1,8.3.3.0.0,NC,Add by stock-check,1
7,785,FGL1627W0KK,NULL,"8.3.3.0.0; 27/03/2020
wh by viet",3000,1,1,8.3.3.0.0,NC,Add by stock-check,1
7,784,FGL1717W40C,NULL,"8.3.3.0.0; 27/03/2020
wh by H",3000,1,1,8.3.3.0.0,NC,Add by stock-check,1
7,784,FGL1717W423,NULL,"8.3.3.0.0; 27/03/2020
wh by H",3000,1,1,8.3.3.0.0,NC,Add by stock-check,1
7,784,FGL1717W43M,NULL,"8.3.3.0.0; 27/03/2020
wh by H",3000,1,1,8.3.3.0.0,NC,Add by stock-check,1
7,784,FGL1717W3Y6,NULL,"8.3.3.0.0; 27/03/2020
wh by H",3000,1,1,8.3.3.0.0,NC,Add by stock-check,1
7,784,FGL1717W48B,NULL,"8.3.3.0.0; 27/03/2020
wh by H",3000,1,1,8.3.3.0.0,NC,Add by stock-check,1
7,784,FGL1717S581,NULL,"8.3.3.0.0; 27/03/2020
wh by H",3000,1,1,8.3.3.0.0,NC,Add by stock-check,1
7,784,FGL1717S582,NULL,"8.3.3.0.0; 27/03/2020
wh by viet",3000,1,1,8.3.3.0.0,NC,Add by stock-check,1
7,784,FGL1742W6Q1,NULL,"8.3.3.0.0; 27/03/2020
wh by viet",3000,1,1,8.3.3.0.0,NC,Add by stock-check,1
7,784,FGL1717X37P,NULL,"8.3.3.0.0; 27/03/2020
wh
test by viet",3000,1,1,8.3.3.0.0,NC,Add by stock-check,1
1,784,FGL1614W14P,NULL,"8.3.3.0.0; 27/03/2020
",3000,1,1,8.3.3.0.0,NC,Add by stock-check,1
7,784,FGL1826X1T1,NULL,"8.3.3.0.0; 27/03/2020
wh by viet",3000,1,1,8.3.3.0.0,NC,Add by stock-check,1
7,784,FGL1828X2JV,NULL,"8.3.3.0.0; 27/03/2020
wh by viet",3000,1,1,8.3.3.0.0,NC,Add by stock-check,1
7,785,FGL1640W0H4,NULL,"8.3.3.0.0; 27/03/2020
by P",3000,1,1,8.3.3.0.0,NC,Add by stock-check,1
7,785,FGL1640W0H3,NULL,"8.3.3.0.0; 27/03/2020
by P",3000,1,1,8.3.3.0.0,NC,Add by stock-check,1
7,784,FGL1717S57P,NULL,"8.3.3.0.0; 27/03/2020
wh by viet",3000,1,1,8.3.3.0.0,NC,Add by stock-check,1
7,784,FGL1717S59Q,NULL,"8.3.3.0.0; 27/03/2020
wh by viet",3000,1,1,8.3.3.0.0,NC,Add by stock-check,1
7,784,FGL1717W40R,NULL,"8.3.3.0.0; 27/03/2020
wh by viet",3000,1,1,8.3.3.0.0,NC,Add by stock-check,1
7,784,FGL1742W6QG,NULL,"8.3.3.0.0; 27/03/2020
wh by viet",3000,1,1,8.3.3.0.0,NC,Add by stock-check,1
7,784,FGL1717S59Z,NULL,"8.3.3.0.0; 27/03/2020
wh by viet",3000,1,1,8.3.3.0.0,NC,Add by stock-check,1
7,784,FGL1717W40V,NULL,"8.3.3.0.0; 27/03/2020
wh by viet",3000,1,1,8.3.3.0.0,NC,Add by stock-check,1
7,784,FGL1717S57V,NULL,"8.3.3.0.0; 27/03/2020
wh by viet",3000,1,1,8.3.3.0.0,NC,Add by stock-check,1
7,784,FGL1717X34M,NULL,"8.3.3.0.0; 27/03/2020
wh by viet",3000,1,1,8.3.3.0.0,NC,Add by stock-check,1
7,784,FGL1717S58F,NULL,"8.3.3.0.0; 27/03/2020
wh by viet",3000,1,1,8.3.3.0.0,NC,Add by stock-check,1
7,784,FGL1717W41A,NULL,"8.3.3.0.0; 27/03/2020
wh by viet",3000,1,1,8.3.3.0.0,NC,Add by stock-check,1
7,784,FGL1717X3GV,NULL,"8.3.3.0.0; 27/03/2020
wh by viet",3000,1,1,8.3.3.0.0,NC,Add by stock-check,1
7,784,FGL1717W3XH,NULL,"8.3.3.0.0; 27/03/2020
wh by viet",3000,1,1,8.3.3.0.0,NC,Add by stock-check,1
7,784,FGL1717X3H2,NULL,"8.3.3.0.0; 27/03/2020
wh by viet",3000,1,1,8.3.3.0.0,NC,Add by stock-check,1
7,784,FGL1742W6UQ,NULL,"8.3.3.0.0; 27/03/2020
wh by viet",3000,1,1,8.3.3.0.0,NC,Add by stock-check,1
7,784,FGL1717W450,NULL,"8.3.3.0.0; 27/03/2020
wh by H",3000,1,1,8.3.3.0.0,NC,Add by stock-check,1
7,784,FGL1632W16U,NULL,"8.3.3.0.0; 27/03/2020
wh by H",3000,1,1,8.3.3.0.0,NC,Add by stock-check,1
7,784,FGL1717X3G4,NULL,"8.3.3.0.0; 27/03/2020
wh by H",3000,1,1,8.3.3.0.0,NC,Add by stock-check,1
7,784,FGL1717W3XY,NULL,"8.3.3.0.0; 27/03/2020
wh by H",3000,1,1,8.3.3.0.0,NC,Add by stock-check,1
7,784,FGL1717W43X,NULL,"8.3.3.0.0; 27/03/2020
wh by H",3000,1,1,8.3.3.0.0,NC,Add by stock-check,1
7,784,FGL1717W3UZ,NULL,"8.3.3.0.0; 27/03/2020
wh by H",3000,1,1,8.3.3.0.0,NC,Add by stock-check,1
7,784,FGL1714W178,NULL,"8.3.3.0.0; 27/03/2020
wh by H",3000,1,1,8.3.3.0.0,NC,Add by stock-check,1
7,784,FGL1717X36X,NULL,"8.3.3.0.0; 27/03/2020
wh by H",3000,1,1,8.3.3.0.0,NC,Add by stock-check,1
7,784,FGL1717W41U,NULL,"8.3.3.0.0; 27/03/2020
wh by H",3000,1,1,8.3.3.0.0,NC,Add by stock-check,1
7,784,FGL1717W3WK,NULL,"8.3.3.0.0; 27/03/2020
wh by H",3000,1,1,8.3.3.0.0,NC,Add by stock-check,1
7,785,FGL1627W0L2,NULL,"8.3.3.0.0; 27/03/2020
wh by H",3000,1,1,8.3.3.0.0,NC,Add by stock-check,1
7,784,FGL1717S54B,NULL,"8.3.3.0.0; 27/03/2020
wh by H",3000,1,1,8.3.3.0.0,NC,Add by stock-check,1
7,784,FGL1717X3HT,NULL,"8.3.3.0.0; 27/03/2020
wh by H",3000,1,1,8.3.3.0.0,NC,Add by stock-check,1
7,784,FGL1717X34F,NULL,"8.3.3.0.0; 27/03/2020
wh by H",3000,1,1,8.3.3.0.0,NC,Add by stock-check,1
7,784,FGL1717X3GB,NULL,"8.3.3.0.0; 27/03/2020
wh by H",3000,1,1,8.3.3.0.0,NC,Add by stock-check,1
7,784,FGL1717W44H,NULL,"8.3.3.0.0; 27/03/2020
wh by H",3000,1,1,8.3.3.0.0,NC,Add by stock-check,1
7,784,FGL1717X394,NULL,"8.3.3.0.0; 27/03/2020
wh by H",3000,1,1,8.3.3.0.0,NC,Add by stock-check,1
7,784,FGL1717W42U,NULL,"8.3.3.0.0; 27/03/2020
wh by H",3000,1,1,8.3.3.0.0,NC,Add by stock-check,1
7,784,FGL1717X387,NULL,"8.3.3.0.0; 27/03/2020
wh by H",3000,1,1,8.3.3.0.0,NC,Add by stock-check,1
7,784,FGL1717X38S,NULL,"8.3.3.0.0; 27/03/2020
wh by H",3000,1,1,8.3.3.0.0,NC,Add by stock-check,1
7,784,FGL1717X3HF,NULL,"8.3.3.0.0; 27/03/2020
wh by H",3000,1,1,8.3.3.0.0,NC,Add by stock-check,1
7,784,FGL1717W42A,NULL,"8.3.3.0.0; 27/03/2020
wh by H",3000,1,1,8.3.3.0.0,NC,Add by stock-check,1
7,784,FGL1708W1FU,NULL,"8.3.3.0.0; 27/03/2020
wh by H",3000,1,1,8.3.3.0.0,NC,Add by stock-check,1
7,784,FGL1717S57R,NULL,"8.3.3.0.0; 27/03/2020
wh by H",3000,1,1,8.3.3.0.0,NC,Add by stock-check,1
7,784,FGL1717W41N,NULL,"8.3.3.0.0; 27/03/2020
wh by H",3000,1,1,8.3.3.0.0,NC,Add by stock-check,1
7,784,FGL1717X35Z,NULL,"8.3.3.0.0; 27/03/2020
wh by H",3000,1,1,8.3.3.0.0,NC,Add by stock-check,1
7,784,FGL1717S54S,NULL,"8.3.3.0.0; 27/03/2020
wh by H",3000,1,1,8.3.3.0.0,NC,Add by stock-check,1
7,784,FGL1717S585,NULL,"8.3.3.0.0; 27/03/2020
wh by H",3000,1,1,8.3.3.0.0,NC,Add by stock-check,1
7,784,FGL1717W3X5,NULL,"8.3.3.0.0; 27/03/2020
wh by H",3000,1,1,8.3.3.0.0,NC,Add by stock-check,1
7,784,FGL1717W3WX,NULL,"8.3.3.0.0; 27/03/2020
wh by H",3000,1,1,8.3.3.0.0,NC,Add by stock-check,1
7,784,FGL1717W437,NULL,"8.3.3.0.0; 27/03/2020
wh by H",3000,1,1,8.3.3.0.0,NC,Add by stock-check,1
7,784,FGL1717W43Q,NULL,"8.3.3.0.0; 27/03/2020
wh by H",3000,1,1,8.3.3.0.0,NC,Add by stock-check,1
7,784,FGL1717W3UU,NULL,"8.3.3.0.0; 27/03/2020
wh by H",3000,1,1,8.3.3.0.0,NC,Add by stock-check,1
7,784,FGL1717X3J9,NULL,"8.3.3.0.0; 27/03/2020
wh by viet",3000,1,1,8.3.3.0.0,NC,Add by stock-check,1
7,784,FGL1717X3HQ,NULL,"8.3.3.0.0; 27/03/2020
wh by viet",3000,1,1,8.3.3.0.0,NC,Add by stock-check,1
7,784,FGL1648Z44F,NULL,"8.3.3.0.0; 27/03/2020
wh by viet",3000,1,1,8.3.3.0.0,NC,Add by stock-check,1
7,784,FGL1717W3Y2,NULL,"8.3.3.0.0; 27/03/2020
wh by viet",3000,1,1,8.3.3.0.0,NC,Add by stock-check,1
7,784,FGL1717S57T,NULL,"8.3.3.0.0; 27/03/2020
wh by viet",3000,1,1,8.3.3.0.0,NC,Add by stock-check,1
7,784,FGL1717W41W,NULL,"8.3.3.0.0; 27/03/2020
wh by viet",3000,1,1,8.3.3.0.0,NC,Add by stock-check,1
7,784,FGL1620W0QP,NULL,"8.3.3.0.0; 27/03/2020
wh by viet",3000,1,1,8.3.3.0.0,NC,Add by stock-check,1
7,784,FGL1717W453,NULL,"8.3.3.0.0; 27/03/2020
wh by viet",3000,1,1,8.3.3.0.0,NC,Add by stock-check,1
7,784,FGL1705Z3UM,NULL,"8.3.3.0.0; 27/03/2020
wh by viet",3000,1,1,8.3.3.0.0,NC,Add by stock-check,1
7,784,FGL1717W44W,NULL,"8.3.3.0.0; 27/03/2020
wh by viet",3000,1,1,8.3.3.0.0,NC,Add by stock-check,1
7,784,FGL1742W6SP,NULL,"8.3.3.0.0; 27/03/2020
wh by viet",3000,1,1,8.3.3.0.0,NC,Add by stock-check,1
7,784,FGL1717X37U,NULL,"8.3.3.0.0; 27/03/2020
wh by viet",3000,1,1,8.3.3.0.0,NC,Add by stock-check,1
7,784,FGL1717X353,NULL,"8.3.3.0.0; 27/03/2020
wh by viet",3000,1,1,8.3.3.0.0,NC,Add by stock-check,1
7,784,FGL1742W6SL,NULL,"8.3.3.0.0; 27/03/2020
wh by viet",3000,1,1,8.3.3.0.0,NC,Add by stock-check,1
7,784,FGL1742W6RJ,NULL,"8.3.3.0.0; 27/03/2020
wh by viet",3000,1,1,8.3.3.0.0,NC,Add by stock-check,1
7,784,FGL1742W6S2,NULL,"8.3.3.0.0; 27/03/2020
wh by viet",3000,1,1,8.3.3.0.0,NC,Add by stock-check,1
7,784,FGL1742W6RT,NULL,"8.3.3.0.0; 27/03/2020
wh by viet",3000,1,1,8.3.3.0.0,NC,Add by stock-check,1
7,784,FGL1742W6SG,NULL,"8.3.3.0.0; 27/03/2020
wh by viet",3000,1,1,8.3.3.0.0,NC,Add by stock-check,1
7,784,FGL1742W6T9,NULL,"8.3.3.0.0; 27/03/2020
wh by viet",3000,1,1,8.3.3.0.0,NC,Add by stock-check,1
7,784,FGL1742W6QL,NULL,"8.3.3.0.0; 27/03/2020
wh by viet",3000,1,1,8.3.3.0.0,NC,Add by stock-check,1
7,784,FGL1742W6QV,NULL,"8.3.3.0.0; 27/03/2020
wh by viet",3000,1,1,8.3.3.0.0,NC,Add by stock-check,1
7,784,FGL1742W6U0,NULL,"8.3.3.0.0; 27/03/2020
wh by viet",3000,1,1,8.3.3.0.0,NC,Add by stock-check,1
7,784,FGL1742W6U5,NULL,"8.3.3.0.0; 27/03/2020
wh by viet",3000,1,1,8.3.3.0.0,NC,Add by stock-check,1
7,784,FGL1742W6RF,NULL,"8.3.3.0.0; 27/03/2020
wh by viet",3000,1,1,8.3.3.0.0,NC,Add by stock-check,1
7,784,FGL1742W6R0,NULL,"8.3.3.0.0; 27/03/2020
wh by viet",3000,1,1,8.3.3.0.0,NC,Add by stock-check,1
7,784,FGL1742W6PQ,NULL,"8.3.3.0.0; 27/03/2020
wh by viet",3000,1,1,8.3.3.0.0,NC,Add by stock-check,1
7,784,FGL1737W7XL,NULL,"8.3.3.0.0; 27/03/2020
wh by viet",3000,1,1,8.3.3.0.0,NC,Add by stock-check,1
7,784,FGL1742W6SY,NULL,"8.3.3.0.0; 27/03/2020
wh by viet",3000,1,1,8.3.3.0.0,NC,Add by stock-check,1
7,785,FGL1624W0RG,NULL,"8.3.3.0.0; 27/03/2020
wh by viet",3000,1,1,8.3.3.0.0,NC,Add by stock-check,1
7,784,FGL1736W3E7,NULL,"8.3.3.0.0; 27/03/2020
wh by viet",3000,1,1,8.3.3.0.0,NC,Add by stock-check,1
7,784,FGL1632W204,NULL,"8.3.3.0.0; 27/03/2020
wh by viet",3000,1,1,8.3.3.0.0,NC,Add by stock-check,1
7,784,FGL1736W3FC,NULL,"8.3.3.0.0; 27/03/2020
wh by viet",3000,1,1,8.3.3.0.0,NC,Add by stock-check,1
7,784,FGL1736W3FT,NULL,"8.3.3.0.0; 27/03/2020
wh by viet",3000,1,1,8.3.3.0.0,NC,Add by stock-check,1
7,784,FGL1632W21Y,NULL,"8.3.3.0.0; 27/03/2020
wh by viet",3000,1,1,8.3.3.0.0,NC,Add by stock-check,1
7,784,FGL1736W3FG,NULL,"8.3.3.0.0; 27/03/2020
wh by viet",3000,1,1,8.3.3.0.0,NC,Add by stock-check,1
7,784,FGL1632W21V,NULL,"8.3.3.0.0; 27/03/2020
wh by viet",3000,1,1,8.3.3.0.0,NC,Add by stock-check,1
7,784,FGL1736W3GE,NULL,"8.3.3.0.0; 27/03/2020
wh by viet",3000,1,1,8.3.3.0.0,NC,Add by stock-check,1
7,784,FGL1717X3GN,NULL,"8.3.3.0.0; 27/03/2020
wh by viet",3000,1,1,8.3.3.0.0,NC,Add by stock-check,1
7,784,FGL1736W3FX,NULL,"8.3.3.0.0; 27/03/2020
wh by viet",3000,1,1,8.3.3.0.0,NC,Add by stock-check,1
1,784,FGL1742W6T4,NULL,"8.3.3.0.0; 27/03/2020
",3000,1,1,8.3.3.0.0,NC,Add by stock-check,1
7,785,FGL1608P0MF,NULL,"8.3.3.0.0; 27/03/2020
wh by viet",3000,1,1,8.3.3.0.0,NC,Add by stock-check,1
7,784,FGL1736W3EL,NULL,"8.3.3.0.0; 27/03/2020
wh by viet",3000,1,1,8.3.3.0.0,NC,Add by stock-check,1
7,784,FGL1717W44S,NULL,"8.3.3.0.0; 27/03/2020
wh by viet",3000,1,1,8.3.3.0.0,NC,Add by stock-check,1
7,784,FGL1632W20X,NULL,"8.3.3.0.0; 27/03/2020
wh by viet",3000,1,1,8.3.3.0.0,NC,Add by stock-check,1
7,784,FGL1632W219,NULL,"8.3.3.0.0; 27/03/2020
wh by viet",3000,1,1,8.3.3.0.0,NC,Add by stock-check,1
7,784,FGL1632W1ZN,NULL,"8.3.3.0.0; 27/03/2020
wh by viet",3000,1,1,8.3.3.0.0,NC,Add by stock-check,1
7,784,FGL1717S59S,NULL,"8.3.3.0.0; 27/03/2020
wh by viet",3000,1,1,8.3.3.0.0,NC,Add by stock-check,1
1,784,FGL1717W44L,NULL,"8.3.3.0.0; 27/03/2020
",3000,1,1,8.3.3.0.0,NC,Add by stock-check,1
7,784,FGL1632W22X,NULL,"8.3.3.0.0; 27/03/2020
wh by viet",3000,1,1,8.3.3.0.0,NC,Add by stock-check,1
7,784,FGL1717W427,NULL,"8.3.3.0.0; 27/03/2020
wh by viet",3000,1,1,8.3.3.0.0,NC,Add by stock-check,1
7,784,FGL1639W0VM,NULL,"8.3.3.0.0; 27/03/2020
wh by viet",3000,1,1,8.3.3.0.0,NC,Add by stock-check,1
7,784,FGL1632W16V,NULL,"8.3.3.0.0; 27/03/2020
wh by viet",3000,1,1,8.3.3.0.0,NC,Add by stock-check,1
7,784,FGL1736W3FP,NULL,"8.3.3.0.0; 27/03/2020
wh by viet",3000,1,1,8.3.3.0.0,NC,Add by stock-check,1
7,785,FGL1627W0KL,NULL,"8.3.3.0.0; 27/03/2020
wh by viet",3000,1,1,8.3.3.0.0,NC,Add by stock-check,1
7,785,FGL1627W0KX,NULL,"8.3.3.0.0; 27/03/2020
wh by viet",3000,1,1,8.3.3.0.0,NC,Add by stock-check,1
7,784,FGL1737W7UV,NULL,"8.3.3.0.0; 27/03/2020
wh by viet",3000,1,1,8.3.3.0.0,NC,Add by stock-check,1
7,785,FGL1621W00F,NULL,"8.3.3.0.0; 27/03/2020
wh by viet",3000,1,1,8.3.3.0.0,NC,Add by stock-check,1
7,784,FGL1713S2VW,NULL,"8.3.3.0.0; 27/03/2020
wh by viet",3000,1,1,8.3.3.0.0,NC,Add by stock-check,1
7,784,FGL1713S2WS,NULL,"8.3.3.0.0; 27/03/2020
wh by viet",3000,1,1,8.3.3.0.0,NC,Add by stock-check,1
7,784,FGL1717W45K,NULL,"8.3.3.0.0; 27/03/2020
wh by viet",3000,1,1,8.3.3.0.0,NC,Add by stock-check,1
7,784,FGL1713S2WW,NULL,"8.3.3.0.0; 27/03/2020
wh by viet",3000,1,1,8.3.3.0.0,NC,Add by stock-check,1
7,784,FGL1717S55G,NULL,"8.3.3.0.0; 27/03/2020
wh by viet",3000,1,1,8.3.3.0.0,NC,Add by stock-check,1
7,784,FGL1713S2UV,NULL,"8.3.3.0.0; 27/03/2020
wh by viet",3000,1,1,8.3.3.0.0,NC,Add by stock-check,1
7,785,FGL1608P0MG,NULL,"8.3.3.0.0; 27/03/2020
wh by viet",3000,1,1,8.3.3.0.0,NC,Add by stock-check,1
7,785,FGL1621W00G,NULL,"8.3.3.0.0; 27/03/2020
wh by viet",3000,1,1,8.3.3.0.0,NC,Add by stock-check,1
7,784,FGL1742W6RS,NULL,"8.3.3.0.0; 27/03/2020
wh by viet",3000,1,1,8.3.3.0.0,NC,Add by stock-check,1
7,784,FGL1717X36A,NULL,"8.3.3.0.0; 27/03/2020
wh by viet",3000,1,1,8.3.3.0.0,NC,Add by stock-check,1
7,784,FGL1632W224,NULL,"8.3.3.0.0; 27/03/2020
wh by viet",3000,1,1,8.3.3.0.0,NC,Add by stock-check,1
7,784,FGL1652W0JG,NULL,"8.3.3.0.0; 27/03/2020
wh by viet",3000,1,1,8.3.3.0.0,NC,Add by stock-check,1
7,784,FGL1717W3WT,NULL,"8.3.3.0.0; 27/03/2020
wh by viet",3000,1,1,8.3.3.0.0,NC,Add by stock-check,1
7,784,FGL1717W42T,NULL,"8.3.3.0.0; 27/03/2020
wh by viet",3000,1,1,8.3.3.0.0,NC,Add by stock-check,1
7,784,FGL1717W3XN,NULL,"8.3.3.0.0; 27/03/2020
wh by viet",3000,1,1,8.3.3.0.0,NC,Add by stock-check,1
7,784,FGL1717X351,NULL,"8.3.3.0.0; 27/03/2020
wh by viet",3000,1,1,8.3.3.0.0,NC,Add by stock-check,1
7,784,FGL1737W7V5,NULL,"8.3.3.0.0; 27/03/2020
wh by viet",3000,1,1,8.3.3.0.0,NC,Add by stock-check,1
7,784,FGL1717X35A,NULL,"8.3.3.0.0; 27/03/2020
wh by viet",3000,1,1,8.3.3.0.0,NC,Add by stock-check,1
7,784,FGL1717X3HK,NULL,"8.3.3.0.0; 27/03/2020
wh by viet",3000,1,1,8.3.3.0.0,NC,Add by stock-check,1
7,784,FGL1717X37Z,NULL,"8.3.3.0.0; 27/03/2020
wh by viet",3000,1,1,8.3.3.0.0,NC,Add by stock-check,1
7,784,FGL1717X360,NULL,"8.3.3.0.0; 27/03/2020
wh by viet",3000,1,1,8.3.3.0.0,NC,Add by stock-check,1
7,784,FGL1717X3GZ,NULL,"8.3.3.0.0; 27/03/2020
wh by viet",3000,1,1,8.3.3.0.0,NC,Add by stock-check,1
7,784,FGL1742W6US,NULL,"8.3.3.0.0; 27/03/2020
wh by viet",3000,1,1,8.3.3.0.0,NC,Add by stock-check,1
7,784,FGL1742W6SU,NULL,"8.3.3.0.0; 27/03/2020
wh by viet",3000,1,1,8.3.3.0.0,NC,Add by stock-check,1
7,784,FGL1717W3VT,NULL,"8.3.3.0.0; 27/03/2020
wh by viet",3000,1,1,8.3.3.0.0,NC,Add by stock-check,1
7,784,FGL1717W3W3,NULL,"8.3.3.0.0; 27/03/2020
wh by viet",3000,1,1,8.3.3.0.0,NC,Add by stock-check,1
7,784,FGL1717X35M,NULL,"8.3.3.0.0; 27/03/2020
wh by viet",3000,1,1,8.3.3.0.0,NC,Add by stock-check,1
7,784,FGL1742W6Q9,NULL,"8.3.3.0.0; 27/03/2020
wh by viet",3000,1,1,8.3.3.0.0,NC,Add by stock-check,1
7,784,FGL1742W6QE,NULL,"8.3.3.0.0; 27/03/2020
wh by viet",3000,1,1,8.3.3.0.0,NC,Add by stock-check,1
7,784,FGL1742W6SR,NULL,"8.3.3.0.0; 27/03/2020
wh by viet",3000,1,1,8.3.3.0.0,NC,Add by stock-check,1
7,784,FGL1737W7UU,NULL,"8.3.3.0.0; 27/03/2020
wh by viet",3000,1,1,8.3.3.0.0,NC,Add by stock-check,1
7,784,FGL1742W6SS,NULL,"8.3.3.0.0; 27/03/2020
wh by viet",3000,1,1,8.3.3.0.0,NC,Add by stock-check,1
7,784,FGL1717S57Q,NULL,"8.3.3.0.0; 27/03/2020
wh by viet",3000,1,1,8.3.3.0.0,NC,Add by stock-check,1
7,784,FGL1717W3W0,NULL,"8.3.3.0.0; 27/03/2020
wh by viet",3000,1,1,8.3.3.0.0,NC,Add by stock-check,1
7,784,FGL1717X3KL,NULL,"8.3.3.0.0; 27/03/2020
wh by viet",3000,1,1,8.3.3.0.0,NC,Add by stock-check,1
7,785,FGL1621W00H,NULL,"8.3.3.0.0; 27/03/2020
wh by viet",3000,1,1,8.3.3.0.0,NC,Add by stock-check,1
7,784,FGL1717W3VS,NULL,"8.3.3.0.0; 27/03/2020
wh by viet",3000,1,1,8.3.3.0.0,NC,Add by stock-check,1
7,784,FGL1717X356,NULL,"8.3.3.0.0; 27/03/2020
wh by viet",3000,1,1,8.3.3.0.0,NC,Add by stock-check,1
7,784,FGL1717W3VB,NULL,"8.3.3.0.0; 27/03/2020
wh by viet",3000,1,1,8.3.3.0.0,NC,Add by stock-check,1
7,784,FGL1717S580,NULL,"8.3.3.0.0; 27/03/2020
wh by viet",3000,1,1,8.3.3.0.0,NC,Add by stock-check,1
7,784,FGL1717X36D,NULL,"8.3.3.0.0; 27/03/2020
wh by viet",3000,1,1,8.3.3.0.0,NC,Add by stock-check,1
7,784,FGL1717X34H,NULL,"8.3.3.0.0; 27/03/2020
wh by viet",3000,1,1,8.3.3.0.0,NC,Add by stock-check,1
7,784,FGL1717W3VC,NULL,"8.3.3.0.0; 27/03/2020
wh by viet",3000,1,1,8.3.3.0.0,NC,Add by stock-check,1
7,784,FGL1717W3VZ,NULL,"8.3.3.0.0; 27/03/2020
wh by viet",3000,1,1,8.3.3.0.0,NC,Add by stock-check,1
7,784,FGL1742W6TX,NULL,"8.3.3.0.0; 27/03/2020
wh by viet",3000,1,1,8.3.3.0.0,NC,Add by stock-check,1
7,784,FGL1717W414,NULL,"8.3.3.0.0; 27/03/2020
wh by viet",3000,1,1,8.3.3.0.0,NC,Add by stock-check,1
7,784,FGL1742W6S4,NULL,"8.3.3.0.0; 27/03/2020
wh by viet",3000,1,1,8.3.3.0.0,NC,Add by stock-check,1
7,784,FGL1717X345,NULL,"8.3.3.0.0; 27/03/2020
wh by viet",3000,1,1,8.3.3.0.0,NC,Add by stock-check,1
7,784,FGL1717X39T,NULL,"8.3.3.0.0; 27/03/2020
wh by viet",3000,1,1,8.3.3.0.0,NC,Add by stock-check,1
7,784,FGL1717X34A,NULL,"8.3.3.0.0; 27/03/2020
wh by viet",3000,1,1,8.3.3.0.0,NC,Add by stock-check,1
7,784,FGL1717W42M,NULL,"8.3.3.0.0; 27/03/2020
wh by viet",3000,1,1,8.3.3.0.0,NC,Add by stock-check,1
7,784,FGL1717S58X,NULL,"8.3.3.0.0; 27/03/2020
wh by viet",3000,1,1,8.3.3.0.0,NC,Add by stock-check,1
7,784,FGL1717W42R,NULL,"8.3.3.0.0; 27/03/2020
wh by viet",3000,1,1,8.3.3.0.0,NC,Add by stock-check,1
7,784,FGL1717W42H,NULL,"8.3.3.0.0; 27/03/2020
wh by viet",3000,1,1,8.3.3.0.0,NC,Add by stock-check,1
7,784,FGL1742W6T3,NULL,"8.3.3.0.0; 27/03/2020
wh by viet",3000,1,1,8.3.3.0.0,NC,Add by stock-check,1
7,784,FGL1717S59A,NULL,"8.3.3.0.0; 27/03/2020
wh by viet",3000,1,1,8.3.3.0.0,NC,Add by stock-check,1
7,784,FGL1717S55D,NULL,"8.3.3.0.0; 27/03/2020
wh by viet",3000,1,1,8.3.3.0.0,NC,Add by stock-check,1
7,784,FGL1717X37S,NULL,"8.3.3.0.0; 27/03/2020
wh by viet",3000,1,1,8.3.3.0.0,NC,Add by stock-check,1
7,784,FGL1717W45V,NULL,"8.3.3.0.0; 27/03/2020
wh by viet",3000,1,1,8.3.3.0.0,NC,Add by stock-check,1
7,784,FGL1717W40U,NULL,"8.3.3.0.0; 27/03/2020
wh by viet",3000,1,1,8.3.3.0.0,NC,Add by stock-check,1
7,784,FGL1717X35W,NULL,"8.3.3.0.0; 27/03/2020
wh by viet",3000,1,1,8.3.3.0.0,NC,Add by stock-check,1
7,784,FGL1717X35F,NULL,"8.3.3.0.0; 27/03/2020
wh by viet",3000,1,1,8.3.3.0.0,NC,Add by stock-check,1
7,784,FGL1717X37A,NULL,"8.3.3.0.0; 27/03/2020
wh by viet",3000,1,1,8.3.3.0.0,NC,Add by stock-check,1
7,784,FGL1717S58M,NULL,"8.3.3.0.0; 27/03/2020
wh by viet",3000,1,1,8.3.3.0.0,NC,Add by stock-check,1
7,784,FGL1717X369,NULL,"8.3.3.0.0; 27/03/2020
wh by viet",3000,1,1,8.3.3.0.0,NC,Add by stock-check,1
7,784,FGL1717X39H,NULL,"8.3.3.0.0; 27/03/2020
wh by viet",3000,1,1,8.3.3.0.0,NC,Add by stock-check,1
7,784,FGL1717X38T,NULL,"8.3.3.0.0; 27/03/2020
wh by viet",3000,1,1,8.3.3.0.0,NC,Add by stock-check,1
7,785,FGL1624W0RB,NULL,"8.3.3.0.0; 27/03/2020
wh by viet",3000,1,1,8.3.3.0.0,NC,Add by stock-check,1
7,785,FGL1624W0RD,NULL,"8.3.3.0.0; 27/03/2020
wh by viet",3000,1,1,8.3.3.0.0,NC,Add by stock-check,1
7,784,FGL1713S2TN,NULL,"8.3.3.0.0; 27/03/2020
wh by viet",3000,1,1,8.3.3.0.0,NC,Add by stock-check,1
7,784,FGL1713S2W2,NULL,"8.3.3.0.0; 27/03/2020
wh by viet",3000,1,1,8.3.3.0.0,NC,Add by stock-check,1
7,784,FGL1713S2UG,NULL,"8.3.3.0.0; 27/03/2020
wh by viet",3000,1,1,8.3.3.0.0,NC,Add by stock-check,1
7,784,FGL1713S2WR,NULL,"8.3.3.0.0; 27/03/2020
wh by viet",3000,1,1,8.3.3.0.0,NC,Add by stock-check,1
7,784,FGL1717S54C,NULL,"8.3.3.0.0; 27/03/2020
wh by viet",3000,1,1,8.3.3.0.0,NC,Add by stock-check,1
7,784,FGL1717X3J5,NULL,"8.3.3.0.0; 27/03/2020
wh by viet",3000,1,1,8.3.3.0.0,NC,Add by stock-check,1
7,784,FGL1717X3J4,NULL,"8.3.3.0.0; 27/03/2020
wh by viet",3000,1,1,8.3.3.0.0,NC,Add by stock-check,1
7,784,FGL1717S597,NULL,"8.3.3.0.0; 27/03/2020
wh by viet",3000,1,1,8.3.3.0.0,NC,Add by stock-check,1
7,784,FGL1717W3X3,NULL,"8.3.3.0.0; 27/03/2020
wh by viet",3000,1,1,8.3.3.0.0,NC,Add by stock-check,1
7,784,FGL1632W16N,NULL,"8.3.3.0.0; 27/03/2020
wh by viet",3000,1,1,8.3.3.0.0,NC,Add by stock-check,1
7,784,FGL1717W3WB,NULL,"8.3.3.0.0; 27/03/2020
wh by viet",3000,1,1,8.3.3.0.0,NC,Add by stock-check,1
7,784,FGL1717X3J7,NULL,"8.3.3.0.0; 27/03/2020
wh by viet",3000,1,1,8.3.3.0.0,NC,Add by stock-check,1
7,785,FGL1624W0R4,NULL,"8.3.3.0.0; 27/03/2020
wh by viet",3000,1,1,8.3.3.0.0,NC,Add by stock-check,1
7,784,FGL1717X3HX,NULL,"8.3.3.0.0; 27/03/2020
wh by viet",3000,1,1,8.3.3.0.0,NC,Add by stock-check,1
7,784,FGL1717X38G,NULL,"8.3.3.0.0; 27/03/2020
wh by viet",3000,1,1,8.3.3.0.0,NC,Add by stock-check,1
7,784,FGL1717X3JD,NULL,"8.3.3.0.0; 27/03/2020
wh by viet",3000,1,1,8.3.3.0.0,NC,Add by stock-check,1
7,784,FGL1713S2UN,NULL,"8.3.3.0.0; 27/03/2020
wh by viet",3000,1,1,8.3.3.0.0,NC,Add by stock-check,1
7,784,FGL1717S56J,NULL,"8.3.3.0.0; 27/03/2020
wh by viet",3000,1,1,8.3.3.0.0,NC,Add by stock-check,1
7,784,FGL1717X3HG,NULL,"8.3.3.0.0; 27/03/2020
wh by viet",3000,1,1,8.3.3.0.0,NC,Add by stock-check,1
7,784,FGL1717X349,NULL,"8.3.3.0.0; 27/03/2020
wh by viet",3000,1,1,8.3.3.0.0,NC,Add by stock-check,1
7,784,FGL1717W3XK,NULL,"8.3.3.0.0; 27/03/2020
wh by viet",3000,1,1,8.3.3.0.0,NC,Add by stock-check,1
7,784,FGL1713S2X1,NULL,"8.3.3.0.0; 27/03/2020
wh by viet",3000,1,1,8.3.3.0.0,NC,Add by stock-check,1
7,783,FGL1729X0HA,NULL,"8.3.3.0.0; 27/03/2020
wh by viet",3000,1,1,8.3.3.0.0,NC,Add by stock-check,1
7,783,FGL1715S94N,NULL,"8.3.3.0.0; 27/03/2020
wh by viet",3000,1,1,8.3.3.0.0,NC,Add by stock-check,1
7,784,FGL1717W3V7,NULL,"8.3.3.0.0; 27/03/2020
wh by viet",3000,1,1,8.3.3.0.0,NC,Add by stock-check,1
7,784,FGL1717W3VN,NULL,"8.3.3.0.0; 27/03/2020
wh by viet",3000,1,1,8.3.3.0.0,NC,Add by stock-check,1
7,784,FGL1713S2WX,NULL,"8.3.3.0.0; 27/03/2020
wh by viet",3000,1,1,8.3.3.0.0,NC,Add by stock-check,1
7,785,FGL1621W00Q,NULL,"8.3.3.0.0; 27/03/2020
wh by viet",3000,1,1,8.3.3.0.0,NC,Add by stock-check,1
7,784,FGL1742W6U7,NULL,"8.3.3.0.0; 27/03/2020
wh by viet",3000,1,1,8.3.3.0.0,NC,Add by stock-check,1
7,784,FGL1742W6RA,NULL,"8.3.3.0.0; 27/03/2020
wh by viet",3000,1,1,8.3.3.0.0,NC,Add by stock-check,1
7,784,FGL1717S58Y,NULL,"8.3.3.0.0; 27/03/2020
wh by viet",3000,1,1,8.3.3.0.0,NC,Add by stock-check,1
7,784,FGL1742W6SJ,NULL,"8.3.3.0.0; 27/03/2020
wh by viet",3000,1,1,8.3.3.0.0,NC,Add by stock-check,1
7,784,FGL1717S58D,NULL,"8.3.3.0.0; 27/03/2020
wh by viet",3000,1,1,8.3.3.0.0,NC,Add by stock-check,1
7,784,FGL1717X3J1,NULL,"8.3.3.0.0; 27/03/2020
wh by viet",3000,1,1,8.3.3.0.0,NC,Add by stock-check,1
7,784,FGL1736W3DS,NULL,"8.3.3.0.0; 27/03/2020
wh by viet",3000,1,1,8.3.3.0.0,NC,Add by stock-check,1
7,784,FGL1717X3H4,NULL,"8.3.3.0.0; 27/03/2020
wh by viet",3000,1,1,8.3.3.0.0,NC,Add by stock-check,1
7,784,FGL1717W3VM,NULL,"8.3.3.0.0; 27/03/2020
wh by viet",3000,1,1,8.3.3.0.0,NC,Add by stock-check,1
7,784,FGL1717X38K,NULL,"8.3.3.0.0; 27/03/2020
wh by viet",3000,1,1,8.3.3.0.0,NC,Add by stock-check,1
7,784,FGL1717W3VX,NULL,"8.3.3.0.0; 27/03/2020
wh by viet",3000,1,1,8.3.3.0.0,NC,Add by stock-check,1
7,785,FGL1608P0MH,NULL,"8.3.3.0.0; 27/03/2020
wh by viet",3000,1,1,8.3.3.0.0,NC,Add by stock-check,1
7,785,FGL1624W0RF,NULL,"8.3.3.0.0; 27/03/2020
wh by viet",3000,1,1,8.3.3.0.0,NC,Add by stock-check,1
7,785,FGL1621W00N,NULL,"8.3.3.0.0; 27/03/2020
wh by viet",3000,1,1,8.3.3.0.0,NC,Add by stock-check,1
7,784,FGL1717W3VF,NULL,"8.3.3.0.0; 27/03/2020
wh by viet",3000,1,1,8.3.3.0.0,NC,Add by stock-check,1
7,784,FGL1742W6QD,NULL,"8.3.3.0.0; 27/03/2020
wh by viet",3000,1,1,8.3.3.0.0,NC,Add by stock-check,1
7,784,FGL1717S54J,NULL,"8.3.3.0.0; 27/03/2020
wh by viet",3000,1,1,8.3.3.0.0,NC,Add by stock-check,1
7,784,FGL1717S54Q,NULL,"8.3.3.0.0; 27/03/2020
wh by viet",3000,1,1,8.3.3.0.0,NC,Add by stock-check,1
7,784,FGL1717X3HE,NULL,"8.3.3.0.0; 27/03/2020
wh by viet",3000,1,1,8.3.3.0.0,NC,Add by stock-check,1
7,784,FGL1717W43Y,NULL,"8.3.3.0.0; 27/03/2020
wh by viet",3000,1,1,8.3.3.0.0,NC,Add by stock-check,1
7,783,FGL1717X3AH,NULL,"8.3.3.0.0; 27/03/2020
wh by viet",3000,1,1,8.3.3.0.0,NC,Add by stock-check,1
7,783,FGL1717X3CT,NULL,"8.3.3.0.0; 27/03/2020
wh by viet",3000,1,1,8.3.3.0.0,NC,Add by stock-check,1
7,783,FGL1717X3ZU,NULL,"8.3.3.0.0; 27/03/2020
wh by viet",3000,1,1,8.3.3.0.0,NC,Add by stock-check,1
7,783,FGL1717X3B9,NULL,"8.3.3.0.0; 27/03/2020
wh by viet",3000,1,1,8.3.3.0.0,NC,Add by stock-check,1
7,783,FGL1717X41E,NULL,"8.3.3.0.0; 27/03/2020
wh by viet",3000,1,1,8.3.3.0.0,NC,Add by stock-check,1
7,783,FGL1717X3ZP,NULL,"8.3.3.0.0; 27/03/2020
wh by viet",3000,1,1,8.3.3.0.0,NC,Add by stock-check,1
7,783,FGL1717X40W,NULL,"8.3.3.0.0; 27/03/2020
wh by viet",3000,1,1,8.3.3.0.0,NC,Add by stock-check,1
7,783,FGL1717X3AK,NULL,"8.3.3.0.0; 27/03/2020
wh by viet",3000,1,1,8.3.3.0.0,NC,Add by stock-check,1
7,783,FGL1717X3CB,NULL,"8.3.3.0.0; 27/03/2020
wh by viet",3000,1,1,8.3.3.0.0,NC,Add by stock-check,1
7,783,FGL1717X3BJ,NULL,"8.3.3.0.0; 27/03/2020
wh by viet",3000,1,1,8.3.3.0.0,NC,Add by stock-check,1
7,783,FGL1717X3ZW,NULL,"8.3.3.0.0; 27/03/2020
wh by viet",3000,1,1,8.3.3.0.0,NC,Add by stock-check,1
7,783,FGL1717X420,NULL,"8.3.3.0.0; 27/03/2020
wh by viet",3000,1,1,8.3.3.0.0,NC,Add by stock-check,1
7,783,FGL1717X3D0,NULL,"8.3.3.0.0; 27/03/2020
wh by viet",3000,1,1,8.3.3.0.0,NC,Add by stock-check,1
7,783,FGL1717X41P,NULL,"8.3.3.0.0; 27/03/2020
wh by viet",3000,1,1,8.3.3.0.0,NC,Add by stock-check,1
7,783,FGL1717X401,NULL,"8.3.3.0.0; 27/03/2020
wh by viet",3000,1,1,8.3.3.0.0,NC,Add by stock-check,1
7,783,FGL1717X410,NULL,"8.3.3.0.0; 27/03/2020
wh by viet",3000,1,1,8.3.3.0.0,NC,Add by stock-check,1
7,783,FGL1717X3AC,NULL,"8.3.3.0.0; 27/03/2020
wh by viet",3000,1,1,8.3.3.0.0,NC,Add by stock-check,1
7,783,FGL1717X3DB,NULL,"8.3.3.0.0; 27/03/2020
wh by viet",3000,1,1,8.3.3.0.0,NC,Add by stock-check,1
7,783,FGL1717X3A1,NULL,"8.3.3.0.0; 27/03/2020
wh by viet",3000,1,1,8.3.3.0.0,NC,Add by stock-check,1
7,783,FGL1717X3D8,NULL,"8.3.3.0.0; 27/03/2020
wh by viet",3000,1,1,8.3.3.0.0,NC,Add by stock-check,1
7,783,FGL1717X40C,NULL,"8.3.3.0.0; 27/03/2020
wh by viet",3000,1,1,8.3.3.0.0,NC,Add by stock-check,1
7,783,FGL1717X43V,NULL,"8.3.3.0.0; 27/03/2020
wh by viet",3000,1,1,8.3.3.0.0,NC,Add by stock-check,1
7,783,FGL1717X43D,NULL,"8.3.3.0.0; 27/03/2020
wh by viet",3000,1,1,8.3.3.0.0,NC,Add by stock-check,1
7,783,FGL1717X3ZJ,NULL,"8.3.3.0.0; 27/03/2020
wh by viet",3000,1,1,8.3.3.0.0,NC,Add by stock-check,1
7,784,FGL1717S562,NULL,"8.3.3.0.0; 27/03/2020
wh by H",3000,1,1,8.3.3.0.0,NC,Add by stock-check,1
7,784,FGL1717X39B,NULL,"8.3.3.0.0; 27/03/2020
wh by H",3000,1,1,8.3.3.0.0,NC,Add by stock-check,1
7,784,FGL1717S56W,NULL,"8.3.3.0.0; 27/03/2020
wh by H",3000,1,1,8.3.3.0.0,NC,Add by stock-check,1
7,784,FGL1708W1G1,NULL,"8.3.3.0.0; 27/03/2020
wh by H",3000,1,1,8.3.3.0.0,NC,Add by stock-check,1
7,784,FGL1943X1V0,NULL,"8.3.3.0.0; 27/03/2020
wh by H",3000,1,1,8.3.3.0.0,NC,Add by stock-check,1
7,784,FGL1717W3WW,NULL,"8.3.3.0.0; 27/03/2020
wh by H",3000,1,1,8.3.3.0.0,NC,Add by stock-check,1
7,784,FGL1717X3GT,NULL,"8.3.3.0.0; 27/03/2020
wh by H",3000,1,1,8.3.3.0.0,NC,Add by stock-check,1
7,784,FGL1717X398,NULL,"8.3.3.0.0; 27/03/2020
wh by H",3000,1,1,8.3.3.0.0,NC,Add by stock-check,1
7,784,FGL1717S55K,NULL,"8.3.3.0.0; 27/03/2020
wh by H",3000,1,1,8.3.3.0.0,NC,Add by stock-check,1
7,784,FGL1717W3WY,NULL,"8.3.3.0.0; 27/03/2020
wh by H",3000,1,1,8.3.3.0.0,NC,Add by stock-check,1
7,784,FGL1717S58R,NULL,"8.3.3.0.0; 27/03/2020
wh by H",3000,1,1,8.3.3.0.0,NC,Add by stock-check,1
7,784,FGL1717X3G8,NULL,"8.3.3.0.0; 27/03/2020
wh by H",3000,1,1,8.3.3.0.0,NC,Add by stock-check,1
7,784,FGL1717X3HW,NULL,"8.3.3.0.0; 27/03/2020
wh by H",3000,1,1,8.3.3.0.0,NC,Add by stock-check,1
7,784,FGL1717W40L,NULL,"8.3.3.0.0; 27/03/2020
wh by H",3000,1,1,8.3.3.0.0,NC,Add by stock-check,1
7,784,FGL1717W45Y,NULL,"8.3.3.0.0; 27/03/2020
wh by H",3000,1,1,8.3.3.0.0,NC,Add by stock-check,1
7,784,FGL1717S55C,NULL,"8.3.3.0.0; 27/03/2020
wh by H",3000,1,1,8.3.3.0.0,NC,Add by stock-check,1
7,784,FGL1717S56L,NULL,"8.3.3.0.0; 27/03/2020
wh by H",3000,1,1,8.3.3.0.0,NC,Add by stock-check,1
7,784,FGL1717W3X8,NULL,"8.3.3.0.0; 27/03/2020
wh by H",3000,1,1,8.3.3.0.0,NC,Add by stock-check,1
7,784,FGL1717W425,NULL,"8.3.3.0.0; 27/03/2020
wh by H",3000,1,1,8.3.3.0.0,NC,Add by stock-check,1
7,784,FGL1717W45A,NULL,"8.3.3.0.0; 27/03/2020
wh by H",3000,1,1,8.3.3.0.0,NC,Add by stock-check,1
7,784,FGL1717W41R,NULL,"8.3.3.0.0; 27/03/2020
wh by H",3000,1,1,8.3.3.0.0,NC,Add by stock-check,1
7,784,FGL1717S59T,NULL,"8.3.3.0.0; 27/03/2020
wh by H",3000,1,1,8.3.3.0.0,NC,Add by stock-check,1
7,784,FGL1632W167,NULL,"8.3.3.0.0; 27/03/2020
wh by H",3000,1,1,8.3.3.0.0,NC,Add by stock-check,1
7,784,FGL1622W0H7,NULL,"8.3.3.0.0; 27/03/2020
8.3.3.0.0; 27/03/2020wh by H",3000,1,1,8.3.3.0.0,NC,Add by stock-check,1
11,963,FOC16334GH3,NULL,"8.MD.BOX.34; 07/04/2020
wh by Nam| Model Note:V01|",3000,1,1,8.MD.BOX.34,NC,Add by stock-check,1
11,963,FOC15371ZBA,NULL,"8.MD.BOX.34; 07/04/2020
wh by Nam| Model Note:V01|",3000,1,1,8.MD.BOX.34,NC,Add by stock-check,1